Smith PLC;459-301-8580
King-Rodriguez;7724600682
Peck Group;+1-838-976-6137
Ramirez, Hicks and Lara;853-738-3918
Gilbert, Miller and Lee;+1-619-677-8121x28226
Smith PLC;459-301-8580
Ramirez, Hicks and Lara;853-738-3918
Smith PLC;459-301-8580
Lee-Miller;+1-588-750-7646
Mathis, Olson and Ryan;(906)306-1777x264
Gilbert, Miller and Lee;+1-619-677-8121x28226
Thornton, Jackson and Gray;001-575-242-3572x740
Brown-Miller;(502)758-2166
Mack, Wright and Mclaughlin;856-399-9995x715
Rodriguez, Winters and Perez;6538306661
Wagner, Jackson and Holt;+1-362-752-2777x1817
Campos-Murillo;822-222-4939
Mathis, Olson and Ryan;(906)306-1777x264
King-Rodriguez;7724600682
Wagner, Jackson and Holt;+1-362-752-2777x1817
Peck Group;+1-838-976-6137
Lawson-Wilkins;(277)930-2705x3206
Rodriguez, Winters and Perez;6538306661
Peck Group;+1-838-976-6137
Lee-Miller;+1-588-750-7646
Lee-Miller;+1-588-750-7646
Higgins and Sons;230-568-4141
Soto-Rivera;805-650-6257x5876
Higgins and Sons;230-568-4141
Roman-Chambers;001-324-909-1637x2831
Higgins and Sons;230-568-4141
Smith PLC;459-301-8580
Randall-Ballard;933.564.7029x6917
Ramirez, Hicks and Lara;853-738-3918
Gilbert, Miller and Lee;+1-619-677-8121x28226
Higgins and Sons;230-568-4141
Colon, Palmer and Welch;230-757-6575x898
Brown-Miller;(502)758-2166
Lawson-Wilkins;(277)930-2705x3206
White and Sons;288-572-7043
Brown-Miller;(502)758-2166
Higgins and Sons;230-568-4141
Randall-Ballard;933.564.7029x6917
King-Rodriguez;7724600682
Brown-Miller;(502)758-2166
Randall-Ballard;933.564.7029x6917
Wagner, Jackson and Holt;+1-362-752-2777x1817
Lawson-Wilkins;(277)930-2705x3206
Smith PLC;459-301-8580
Colon, Palmer and Welch;230-757-6575x898
White and Sons;288-572-7043
Thornton, Jackson and Gray;001-575-242-3572x740
Randall-Ballard;933.564.7029x6917
Soto-Rivera;805-650-6257x5876
Roman-Chambers;001-324-909-1637x2831
White and Sons;288-572-7043
Soto-Rivera;805-650-6257x5876
King-Rodriguez;7724600682
Gilbert, Miller and Lee;+1-619-677-8121x28226
Thornton, Jackson and Gray;001-575-242-3572x740
Thornton, Jackson and Gray;001-575-242-3572x740
White and Sons;288-572-7043
Brown-Miller;(502)758-2166
White and Sons;288-572-7043
King-Rodriguez;7724600682
Smith PLC;459-301-8580
Gilbert, Miller and Lee;+1-619-677-8121x28226
Mathis, Olson and Ryan;(906)306-1777x264
Gilbert, Miller and Lee;+1-619-677-8121x28226
Colon, Palmer and Welch;230-757-6575x898
Mack, Wright and Mclaughlin;856-399-9995x715
Colon, Palmer and Welch;230-757-6575x898
Gilbert, Miller and Lee;+1-619-677-8121x28226
Higgins and Sons;230-568-4141
Soto-Rivera;805-650-6257x5876
Randall-Ballard;933.564.7029x6917
Randall-Ballard;933.564.7029x6917
Rodriguez, Winters and Perez;6538306661
Wagner, Jackson and Holt;+1-362-752-2777x1817
Soto-Rivera;805-650-6257x5876
Gilbert, Miller and Lee;+1-619-677-8121x28226
Randall-Ballard;933.564.7029x6917
Thornton, Jackson and Gray;001-575-242-3572x740
Colon, Palmer and Welch;230-757-6575x898
Wagner, Jackson and Holt;+1-362-752-2777x1817
Roman-Chambers;001-324-909-1637x2831
White and Sons;288-572-7043
Soto-Rivera;805-650-6257x5876
Campos-Murillo;822-222-4939
Mathis, Olson and Ryan;(906)306-1777x264
King-Rodriguez;7724600682
Lee-Miller;+1-588-750-7646
Thornton, Jackson and Gray;001-575-242-3572x740
King-Rodriguez;7724600682
Gilbert, Miller and Lee;+1-619-677-8121x28226
Colon, Palmer and Welch;230-757-6575x898
Campos-Murillo;822-222-4939
Colon, Palmer and Welch;230-757-6575x898
Rodriguez, Winters and Perez;6538306661
Higgins and Sons;230-568-4141
King-Rodriguez;7724600682
Wagner, Jackson and Holt;+1-362-752-2777x1817
Ramirez, Hicks and Lara;853-738-3918
Higgins and Sons;230-568-4141
Mathis, Olson and Ryan;(906)306-1777x264
Mathis, Olson and Ryan;(906)306-1777x264
Brown-Miller;(502)758-2166
Higgins and Sons;230-568-4141
Lawson-Wilkins;(277)930-2705x3206
Wagner, Jackson and Holt;+1-362-752-2777x1817
Higgins and Sons;230-568-4141
Mathis, Olson and Ryan;(906)306-1777x264
Higgins and Sons;230-568-4141
Randall-Ballard;933.564.7029x6917
Lee-Miller;+1-588-750-7646
Peck Group;+1-838-976-6137
White and Sons;288-572-7043
Lawson-Wilkins;(277)930-2705x3206
Mathis, Olson and Ryan;(906)306-1777x264
Lee-Miller;+1-588-750-7646
Peck Group;+1-838-976-6137
White and Sons;288-572-7043
Colon, Palmer and Welch;230-757-6575x898
Mack, Wright and Mclaughlin;856-399-9995x715
Soto-Rivera;805-650-6257x5876
Mack, Wright and Mclaughlin;856-399-9995x715
Campos-Murillo;822-222-4939
Mack, Wright and Mclaughlin;856-399-9995x715
Gilbert, Miller and Lee;+1-619-677-8121x28226
Campos-Murillo;822-222-4939
Randall-Ballard;933.564.7029x6917
Lawson-Wilkins;(277)930-2705x3206
Randall-Ballard;933.564.7029x6917
Roman-Chambers;001-324-909-1637x2831
Mathis, Olson and Ryan;(906)306-1777x264
Mathis, Olson and Ryan;(906)306-1777x264
Brown-Miller;(502)758-2166
Roman-Chambers;001-324-909-1637x2831
Ramirez, Hicks and Lara;853-738-3918
Mathis, Olson and Ryan;(906)306-1777x264
Smith PLC;459-301-8580
Mathis, Olson and Ryan;(906)306-1777x264
Roman-Chambers;001-324-909-1637x2831
Lawson-Wilkins;(277)930-2705x3206
Ramirez, Hicks and Lara;853-738-3918
Thornton, Jackson and Gray;001-575-242-3572x740
Higgins and Sons;230-568-4141
Soto-Rivera;805-650-6257x5876
King-Rodriguez;7724600682
Wagner, Jackson and Holt;+1-362-752-2777x1817
Smith PLC;459-301-8580
Campos-Murillo;822-222-4939
Gilbert, Miller and Lee;+1-619-677-8121x28226
White and Sons;288-572-7043
Colon, Palmer and Welch;230-757-6575x898
Randall-Ballard;933.564.7029x6917
King-Rodriguez;7724600682
Lee-Miller;+1-588-750-7646
Randall-Ballard;933.564.7029x6917
Campos-Murillo;822-222-4939
Peck Group;+1-838-976-6137
Rodriguez, Winters and Perez;6538306661
Gilbert, Miller and Lee;+1-619-677-8121x28226
Peck Group;+1-838-976-6137
Gilbert, Miller and Lee;+1-619-677-8121x28226
Wagner, Jackson and Holt;+1-362-752-2777x1817
Mack, Wright and Mclaughlin;856-399-9995x715
Lee-Miller;+1-588-750-7646
Wagner, Jackson and Holt;+1-362-752-2777x1817
Lawson-Wilkins;(277)930-2705x3206
Rodriguez, Winters and Perez;6538306661
Mack, Wright and Mclaughlin;856-399-9995x715
Thornton, Jackson and Gray;001-575-242-3572x740
Rodriguez, Winters and Perez;6538306661
White and Sons;288-572-7043
Wagner, Jackson and Holt;+1-362-752-2777x1817
Peck Group;+1-838-976-6137
Lawson-Wilkins;(277)930-2705x3206
Soto-Rivera;805-650-6257x5876
Higgins and Sons;230-568-4141
White and Sons;288-572-7043
Gilbert, Miller and Lee;+1-619-677-8121x28226
Gilbert, Miller and Lee;+1-619-677-8121x28226
Colon, Palmer and Welch;230-757-6575x898
Smith PLC;459-301-8580
Lee-Miller;+1-588-750-7646
Mack, Wright and Mclaughlin;856-399-9995x715
Wagner, Jackson and Holt;+1-362-752-2777x1817
Rodriguez, Winters and Perez;6538306661
Rodriguez, Winters and Perez;6538306661
Thornton, Jackson and Gray;001-575-242-3572x740
Wagner, Jackson and Holt;+1-362-752-2777x1817
Wagner, Jackson and Holt;+1-362-752-2777x1817
Campos-Murillo;822-222-4939
Randall-Ballard;933.564.7029x6917
Soto-Rivera;805-650-6257x5876
Lawson-Wilkins;(277)930-2705x3206
Soto-Rivera;805-650-6257x5876
Mack, Wright and Mclaughlin;856-399-9995x715
Rodriguez, Winters and Perez;6538306661
Smith PLC;459-301-8580
Brown-Miller;(502)758-2166
Lawson-Wilkins;(277)930-2705x3206
Higgins and Sons;230-568-4141
Gilbert, Miller and Lee;+1-619-677-8121x28226
Peck Group;+1-838-976-6137
Higgins and Sons;230-568-4141
Gilbert, Miller and Lee;+1-619-677-8121x28226
Higgins and Sons;230-568-4141
Smith PLC;459-301-8580
White and Sons;288-572-7043
Thornton, Jackson and Gray;001-575-242-3572x740
Lee-Miller;+1-588-750-7646
Ramirez, Hicks and Lara;853-738-3918
Mathis, Olson and Ryan;(906)306-1777x264
Higgins and Sons;230-568-4141
Wagner, Jackson and Holt;+1-362-752-2777x1817
Peck Group;+1-838-976-6137
Ramirez, Hicks and Lara;853-738-3918
Higgins and Sons;230-568-4141
Roman-Chambers;001-324-909-1637x2831
Mathis, Olson and Ryan;(906)306-1777x264
Roman-Chambers;001-324-909-1637x2831
Lee-Miller;+1-588-750-7646
Lee-Miller;+1-588-750-7646
Soto-Rivera;805-650-6257x5876
Thornton, Jackson and Gray;001-575-242-3572x740
Brown-Miller;(502)758-2166
Mathis, Olson and Ryan;(906)306-1777x264
Mathis, Olson and Ryan;(906)306-1777x264
Soto-Rivera;805-650-6257x5876
Peck Group;+1-838-976-6137
Colon, Palmer and Welch;230-757-6575x898
Lawson-Wilkins;(277)930-2705x3206
Peck Group;+1-838-976-6137
Mathis, Olson and Ryan;(906)306-1777x264
Higgins and Sons;230-568-4141
White and Sons;288-572-7043
Ramirez, Hicks and Lara;853-738-3918
Roman-Chambers;001-324-909-1637x2831
Rodriguez, Winters and Perez;6538306661
Gilbert, Miller and Lee;+1-619-677-8121x28226
Smith PLC;459-301-8580
Colon, Palmer and Welch;230-757-6575x898
Thornton, Jackson and Gray;001-575-242-3572x740
Lawson-Wilkins;(277)930-2705x3206
Brown-Miller;(502)758-2166
Brown-Miller;(502)758-2166
Randall-Ballard;933.564.7029x6917
Thornton, Jackson and Gray;001-575-242-3572x740
Gilbert, Miller and Lee;+1-619-677-8121x28226
Gilbert, Miller and Lee;+1-619-677-8121x28226
Wagner, Jackson and Holt;+1-362-752-2777x1817
Rodriguez, Winters and Perez;6538306661
Randall-Ballard;933.564.7029x6917
Ramirez, Hicks and Lara;853-738-3918
Lawson-Wilkins;(277)930-2705x3206
Roman-Chambers;001-324-909-1637x2831
Campos-Murillo;822-222-4939
Peck Group;+1-838-976-6137
Campos-Murillo;822-222-4939
Mack, Wright and Mclaughlin;856-399-9995x715
King-Rodriguez;7724600682
White and Sons;288-572-7043
Roman-Chambers;001-324-909-1637x2831
Randall-Ballard;933.564.7029x6917
Higgins and Sons;230-568-4141
Rodriguez, Winters and Perez;6538306661
Lawson-Wilkins;(277)930-2705x3206
Mathis, Olson and Ryan;(906)306-1777x264
King-Rodriguez;7724600682
Colon, Palmer and Welch;230-757-6575x898
Gilbert, Miller and Lee;+1-619-677-8121x28226
Brown-Miller;(502)758-2166
Roman-Chambers;001-324-909-1637x2831
Smith PLC;459-301-8580
White and Sons;288-572-7043
Lawson-Wilkins;(277)930-2705x3206
Lawson-Wilkins;(277)930-2705x3206
Higgins and Sons;230-568-4141
Peck Group;+1-838-976-6137
Roman-Chambers;001-324-909-1637x2831
Thornton, Jackson and Gray;001-575-242-3572x740
Smith PLC;459-301-8580
Smith PLC;459-301-8580
Campos-Murillo;822-222-4939
Smith PLC;459-301-8580
Soto-Rivera;805-650-6257x5876
Randall-Ballard;933.564.7029x6917
Rodriguez, Winters and Perez;6538306661
Rodriguez, Winters and Perez;6538306661
Mack, Wright and Mclaughlin;856-399-9995x715
Mack, Wright and Mclaughlin;856-399-9995x715
Gilbert, Miller and Lee;+1-619-677-8121x28226
Mathis, Olson and Ryan;(906)306-1777x264
Thornton, Jackson and Gray;001-575-242-3572x740
Lee-Miller;+1-588-750-7646
King-Rodriguez;7724600682
King-Rodriguez;7724600682
Brown-Miller;(502)758-2166
Gilbert, Miller and Lee;+1-619-677-8121x28226
Colon, Palmer and Welch;230-757-6575x898
Soto-Rivera;805-650-6257x5876
White and Sons;288-572-7043
Randall-Ballard;933.564.7029x6917
Wagner, Jackson and Holt;+1-362-752-2777x1817
Ramirez, Hicks and Lara;853-738-3918
Lee-Miller;+1-588-750-7646
Lee-Miller;+1-588-750-7646
Smith PLC;459-301-8580
Thornton, Jackson and Gray;001-575-242-3572x740
King-Rodriguez;7724600682
Colon, Palmer and Welch;230-757-6575x898
White and Sons;288-572-7043
Peck Group;+1-838-976-6137
Wagner, Jackson and Holt;+1-362-752-2777x1817
Brown-Miller;(502)758-2166
Roman-Chambers;001-324-909-1637x2831
Thornton, Jackson and Gray;001-575-242-3572x740
Higgins and Sons;230-568-4141
Smith PLC;459-301-8580
Wagner, Jackson and Holt;+1-362-752-2777x1817
Wagner, Jackson and Holt;+1-362-752-2777x1817
Smith PLC;459-301-8580
Peck Group;+1-838-976-6137
King-Rodriguez;7724600682
Randall-Ballard;933.564.7029x6917
Brown-Miller;(502)758-2166
Higgins and Sons;230-568-4141
Lee-Miller;+1-588-750-7646
Roman-Chambers;001-324-909-1637x2831
Thornton, Jackson and Gray;001-575-242-3572x740
King-Rodriguez;7724600682
Higgins and Sons;230-568-4141
Lee-Miller;+1-588-750-7646
Roman-Chambers;001-324-909-1637x2831
Ramirez, Hicks and Lara;853-738-3918
Thornton, Jackson and Gray;001-575-242-3572x740
Gilbert, Miller and Lee;+1-619-677-8121x28226
Smith PLC;459-301-8580
Soto-Rivera;805-650-6257x5876
Smith PLC;459-301-8580
King-Rodriguez;7724600682
Wagner, Jackson and Holt;+1-362-752-2777x1817
Lawson-Wilkins;(277)930-2705x3206
Ramirez, Hicks and Lara;853-738-3918
Smith PLC;459-301-8580
Peck Group;+1-838-976-6137
Roman-Chambers;001-324-909-1637x2831
Higgins and Sons;230-568-4141
Mathis, Olson and Ryan;(906)306-1777x264
Higgins and Sons;230-568-4141
Ramirez, Hicks and Lara;853-738-3918
Mack, Wright and Mclaughlin;856-399-9995x715
Peck Group;+1-838-976-6137
Colon, Palmer and Welch;230-757-6575x898
Smith PLC;459-301-8580
Lawson-Wilkins;(277)930-2705x3206
Wagner, Jackson and Holt;+1-362-752-2777x1817
Smith PLC;459-301-8580
King-Rodriguez;7724600682
Higgins and Sons;230-568-4141
Campos-Murillo;822-222-4939
Mathis, Olson and Ryan;(906)306-1777x264
Wagner, Jackson and Holt;+1-362-752-2777x1817
Peck Group;+1-838-976-6137
Smith PLC;459-301-8580
Campos-Murillo;822-222-4939
King-Rodriguez;7724600682
Colon, Palmer and Welch;230-757-6575x898
Colon, Palmer and Welch;230-757-6575x898
Mack, Wright and Mclaughlin;856-399-9995x715
Thornton, Jackson and Gray;001-575-242-3572x740
Lawson-Wilkins;(277)930-2705x3206
Lee-Miller;+1-588-750-7646
Randall-Ballard;933.564.7029x6917
Ramirez, Hicks and Lara;853-738-3918
Lawson-Wilkins;(277)930-2705x3206
Wagner, Jackson and Holt;+1-362-752-2777x1817
Gilbert, Miller and Lee;+1-619-677-8121x28226
Mack, Wright and Mclaughlin;856-399-9995x715
White and Sons;288-572-7043
White and Sons;288-572-7043
King-Rodriguez;7724600682
Lee-Miller;+1-588-750-7646
Peck Group;+1-838-976-6137
Higgins and Sons;230-568-4141
Gilbert, Miller and Lee;+1-619-677-8121x28226
Wagner, Jackson and Holt;+1-362-752-2777x1817
Campos-Murillo;822-222-4939
Roman-Chambers;001-324-909-1637x2831
Wagner, Jackson and Holt;+1-362-752-2777x1817
Higgins and Sons;230-568-4141
Peck Group;+1-838-976-6137
White and Sons;288-572-7043
Colon, Palmer and Welch;230-757-6575x898
Campos-Murillo;822-222-4939
Randall-Ballard;933.564.7029x6917
Brown-Miller;(502)758-2166
Lawson-Wilkins;(277)930-2705x3206
Thornton, Jackson and Gray;001-575-242-3572x740
Gilbert, Miller and Lee;+1-619-677-8121x28226
Colon, Palmer and Welch;230-757-6575x898
Thornton, Jackson and Gray;001-575-242-3572x740
White and Sons;288-572-7043
Rodriguez, Winters and Perez;6538306661
Smith PLC;459-301-8580
Higgins and Sons;230-568-4141
White and Sons;288-572-7043
Gilbert, Miller and Lee;+1-619-677-8121x28226
Mathis, Olson and Ryan;(906)306-1777x264
Gilbert, Miller and Lee;+1-619-677-8121x28226
Campos-Murillo;822-222-4939
Mathis, Olson and Ryan;(906)306-1777x264
Mack, Wright and Mclaughlin;856-399-9995x715
Roman-Chambers;001-324-909-1637x2831
Gilbert, Miller and Lee;+1-619-677-8121x28226
Mathis, Olson and Ryan;(906)306-1777x264
Soto-Rivera;805-650-6257x5876
Roman-Chambers;001-324-909-1637x2831
Roman-Chambers;001-324-909-1637x2831
Lee-Miller;+1-588-750-7646
Colon, Palmer and Welch;230-757-6575x898
Mack, Wright and Mclaughlin;856-399-9995x715
Randall-Ballard;933.564.7029x6917
Randall-Ballard;933.564.7029x6917
Lee-Miller;+1-588-750-7646
Brown-Miller;(502)758-2166
Campos-Murillo;822-222-4939
Colon, Palmer and Welch;230-757-6575x898
Mack, Wright and Mclaughlin;856-399-9995x715
Ramirez, Hicks and Lara;853-738-3918
Lawson-Wilkins;(277)930-2705x3206
Higgins and Sons;230-568-4141
Campos-Murillo;822-222-4939
Peck Group;+1-838-976-6137
Peck Group;+1-838-976-6137
Soto-Rivera;805-650-6257x5876
Lee-Miller;+1-588-750-7646
Roman-Chambers;001-324-909-1637x2831
King-Rodriguez;7724600682
King-Rodriguez;7724600682
Peck Group;+1-838-976-6137
Gilbert, Miller and Lee;+1-619-677-8121x28226
Brown-Miller;(502)758-2166
Rodriguez, Winters and Perez;6538306661
Rodriguez, Winters and Perez;6538306661
Roman-Chambers;001-324-909-1637x2831
Ramirez, Hicks and Lara;853-738-3918
Gilbert, Miller and Lee;+1-619-677-8121x28226
Colon, Palmer and Welch;230-757-6575x898
Ramirez, Hicks and Lara;853-738-3918
Higgins and Sons;230-568-4141
Campos-Murillo;822-222-4939
Ramirez, Hicks and Lara;853-738-3918
Roman-Chambers;001-324-909-1637x2831
Higgins and Sons;230-568-4141
Smith PLC;459-301-8580
Campos-Murillo;822-222-4939
Rodriguez, Winters and Perez;6538306661
Mathis, Olson and Ryan;(906)306-1777x264
Wagner, Jackson and Holt;+1-362-752-2777x1817
Colon, Palmer and Welch;230-757-6575x898
Brown-Miller;(502)758-2166
Soto-Rivera;805-650-6257x5876
Lee-Miller;+1-588-750-7646
Smith PLC;459-301-8580
Soto-Rivera;805-650-6257x5876
Mack, Wright and Mclaughlin;856-399-9995x715
Higgins and Sons;230-568-4141
Randall-Ballard;933.564.7029x6917
Colon, Palmer and Welch;230-757-6575x898
Smith PLC;459-301-8580
Randall-Ballard;933.564.7029x6917
Campos-Murillo;822-222-4939
Lee-Miller;+1-588-750-7646
Rodriguez, Winters and Perez;6538306661
Brown-Miller;(502)758-2166
Smith PLC;459-301-8580
Gilbert, Miller and Lee;+1-619-677-8121x28226
Mack, Wright and Mclaughlin;856-399-9995x715
Ramirez, Hicks and Lara;853-738-3918
Campos-Murillo;822-222-4939
Randall-Ballard;933.564.7029x6917
Roman-Chambers;001-324-909-1637x2831
Ramirez, Hicks and Lara;853-738-3918
King-Rodriguez;7724600682
Mathis, Olson and Ryan;(906)306-1777x264
Peck Group;+1-838-976-6137
White and Sons;288-572-7043
Colon, Palmer and Welch;230-757-6575x898
Thornton, Jackson and Gray;001-575-242-3572x740
Thornton, Jackson and Gray;001-575-242-3572x740
Gilbert, Miller and Lee;+1-619-677-8121x28226
King-Rodriguez;7724600682
Thornton, Jackson and Gray;001-575-242-3572x740
Rodriguez, Winters and Perez;6538306661
Smith PLC;459-301-8580
Rodriguez, Winters and Perez;6538306661
Higgins and Sons;230-568-4141
Soto-Rivera;805-650-6257x5876
Gilbert, Miller and Lee;+1-619-677-8121x28226
Smith PLC;459-301-8580
Higgins and Sons;230-568-4141
Campos-Murillo;822-222-4939
Gilbert, Miller and Lee;+1-619-677-8121x28226
Colon, Palmer and Welch;230-757-6575x898
Gilbert, Miller and Lee;+1-619-677-8121x28226
Peck Group;+1-838-976-6137
Colon, Palmer and Welch;230-757-6575x898
White and Sons;288-572-7043
Lee-Miller;+1-588-750-7646
Peck Group;+1-838-976-6137
Mathis, Olson and Ryan;(906)306-1777x264
Peck Group;+1-838-976-6137
Mathis, Olson and Ryan;(906)306-1777x264
Lawson-Wilkins;(277)930-2705x3206
Gilbert, Miller and Lee;+1-619-677-8121x28226
Soto-Rivera;805-650-6257x5876
Ramirez, Hicks and Lara;853-738-3918
Wagner, Jackson and Holt;+1-362-752-2777x1817
White and Sons;288-572-7043
Peck Group;+1-838-976-6137
Randall-Ballard;933.564.7029x6917
Wagner, Jackson and Holt;+1-362-752-2777x1817
Brown-Miller;(502)758-2166
Thornton, Jackson and Gray;001-575-242-3572x740
Soto-Rivera;805-650-6257x5876
Brown-Miller;(502)758-2166
Colon, Palmer and Welch;230-757-6575x898
Peck Group;+1-838-976-6137
Brown-Miller;(502)758-2166
Smith PLC;459-301-8580
King-Rodriguez;7724600682
Lee-Miller;+1-588-750-7646
White and Sons;288-572-7043
Lee-Miller;+1-588-750-7646
Thornton, Jackson and Gray;001-575-242-3572x740
Soto-Rivera;805-650-6257x5876
Thornton, Jackson and Gray;001-575-242-3572x740
Lawson-Wilkins;(277)930-2705x3206
Rodriguez, Winters and Perez;6538306661
King-Rodriguez;7724600682
Mathis, Olson and Ryan;(906)306-1777x264
Campos-Murillo;822-222-4939
Lawson-Wilkins;(277)930-2705x3206
Campos-Murillo;822-222-4939
Campos-Murillo;822-222-4939
Smith PLC;459-301-8580
Roman-Chambers;001-324-909-1637x2831
Rodriguez, Winters and Perez;6538306661
Ramirez, Hicks and Lara;853-738-3918
Brown-Miller;(502)758-2166
Mathis, Olson and Ryan;(906)306-1777x264
Higgins and Sons;230-568-4141
Gilbert, Miller and Lee;+1-619-677-8121x28226
Randall-Ballard;933.564.7029x6917
Brown-Miller;(502)758-2166
Smith PLC;459-301-8580
Soto-Rivera;805-650-6257x5876
Roman-Chambers;001-324-909-1637x2831
Colon, Palmer and Welch;230-757-6575x898
Peck Group;+1-838-976-6137
Soto-Rivera;805-650-6257x5876
White and Sons;288-572-7043
Ramirez, Hicks and Lara;853-738-3918
Randall-Ballard;933.564.7029x6917
Rodriguez, Winters and Perez;6538306661
Peck Group;+1-838-976-6137
Soto-Rivera;805-650-6257x5876
Ramirez, Hicks and Lara;853-738-3918
Rodriguez, Winters and Perez;6538306661
Higgins and Sons;230-568-4141
King-Rodriguez;7724600682
Colon, Palmer and Welch;230-757-6575x898
Ramirez, Hicks and Lara;853-738-3918
Soto-Rivera;805-650-6257x5876
Gilbert, Miller and Lee;+1-619-677-8121x28226
Gilbert, Miller and Lee;+1-619-677-8121x28226
Gilbert, Miller and Lee;+1-619-677-8121x28226
Smith PLC;459-301-8580
King-Rodriguez;7724600682
Peck Group;+1-838-976-6137
Thornton, Jackson and Gray;001-575-242-3572x740
Mathis, Olson and Ryan;(906)306-1777x264
Smith PLC;459-301-8580
Higgins and Sons;230-568-4141
Peck Group;+1-838-976-6137
White and Sons;288-572-7043
Colon, Palmer and Welch;230-757-6575x898
Ramirez, Hicks and Lara;853-738-3918
Soto-Rivera;805-650-6257x5876
Mathis, Olson and Ryan;(906)306-1777x264
White and Sons;288-572-7043
Lawson-Wilkins;(277)930-2705x3206
Peck Group;+1-838-976-6137
Ramirez, Hicks and Lara;853-738-3918
Mack, Wright and Mclaughlin;856-399-9995x715
Gilbert, Miller and Lee;+1-619-677-8121x28226
Gilbert, Miller and Lee;+1-619-677-8121x28226
Mathis, Olson and Ryan;(906)306-1777x264
Peck Group;+1-838-976-6137
Mack, Wright and Mclaughlin;856-399-9995x715
Smith PLC;459-301-8580
Mathis, Olson and Ryan;(906)306-1777x264
Lee-Miller;+1-588-750-7646
Colon, Palmer and Welch;230-757-6575x898
Peck Group;+1-838-976-6137
White and Sons;288-572-7043
Randall-Ballard;933.564.7029x6917
Mathis, Olson and Ryan;(906)306-1777x264
Soto-Rivera;805-650-6257x5876
White and Sons;288-572-7043
Campos-Murillo;822-222-4939
Campos-Murillo;822-222-4939
Lawson-Wilkins;(277)930-2705x3206
Thornton, Jackson and Gray;001-575-242-3572x740
Lawson-Wilkins;(277)930-2705x3206
Peck Group;+1-838-976-6137
White and Sons;288-572-7043
Mack, Wright and Mclaughlin;856-399-9995x715
King-Rodriguez;7724600682
Higgins and Sons;230-568-4141
Randall-Ballard;933.564.7029x6917
Thornton, Jackson and Gray;001-575-242-3572x740
Brown-Miller;(502)758-2166
Higgins and Sons;230-568-4141
Randall-Ballard;933.564.7029x6917
Peck Group;+1-838-976-6137
Colon, Palmer and Welch;230-757-6575x898
King-Rodriguez;7724600682
Mathis, Olson and Ryan;(906)306-1777x264
Brown-Miller;(502)758-2166
Randall-Ballard;933.564.7029x6917
Mathis, Olson and Ryan;(906)306-1777x264
White and Sons;288-572-7043
Peck Group;+1-838-976-6137
Brown-Miller;(502)758-2166
Gilbert, Miller and Lee;+1-619-677-8121x28226
Mack, Wright and Mclaughlin;856-399-9995x715
Colon, Palmer and Welch;230-757-6575x898
Ramirez, Hicks and Lara;853-738-3918
Thornton, Jackson and Gray;001-575-242-3572x740
Ramirez, Hicks and Lara;853-738-3918
Colon, Palmer and Welch;230-757-6575x898
King-Rodriguez;7724600682
Randall-Ballard;933.564.7029x6917
Brown-Miller;(502)758-2166
Wagner, Jackson and Holt;+1-362-752-2777x1817
Randall-Ballard;933.564.7029x6917
Soto-Rivera;805-650-6257x5876
Lawson-Wilkins;(277)930-2705x3206
King-Rodriguez;7724600682
Higgins and Sons;230-568-4141
Higgins and Sons;230-568-4141
Randall-Ballard;933.564.7029x6917
Wagner, Jackson and Holt;+1-362-752-2777x1817
Lawson-Wilkins;(277)930-2705x3206
Lee-Miller;+1-588-750-7646
King-Rodriguez;7724600682
Thornton, Jackson and Gray;001-575-242-3572x740
Gilbert, Miller and Lee;+1-619-677-8121x28226
Soto-Rivera;805-650-6257x5876
Ramirez, Hicks and Lara;853-738-3918
Lawson-Wilkins;(277)930-2705x3206
Lawson-Wilkins;(277)930-2705x3206
Campos-Murillo;822-222-4939
Higgins and Sons;230-568-4141
Roman-Chambers;001-324-909-1637x2831
Randall-Ballard;933.564.7029x6917
Mack, Wright and Mclaughlin;856-399-9995x715
Smith PLC;459-301-8580
Mathis, Olson and Ryan;(906)306-1777x264
Mack, Wright and Mclaughlin;856-399-9995x715
Lee-Miller;+1-588-750-7646
Ramirez, Hicks and Lara;853-738-3918
Lee-Miller;+1-588-750-7646
Roman-Chambers;001-324-909-1637x2831
Thornton, Jackson and Gray;001-575-242-3572x740
Peck Group;+1-838-976-6137
Higgins and Sons;230-568-4141
Lee-Miller;+1-588-750-7646
Rodriguez, Winters and Perez;6538306661
Smith PLC;459-301-8580
Gilbert, Miller and Lee;+1-619-677-8121x28226
Soto-Rivera;805-650-6257x5876
Lawson-Wilkins;(277)930-2705x3206
Gilbert, Miller and Lee;+1-619-677-8121x28226
Brown-Miller;(502)758-2166
Lawson-Wilkins;(277)930-2705x3206
White and Sons;288-572-7043
Gilbert, Miller and Lee;+1-619-677-8121x28226
Lawson-Wilkins;(277)930-2705x3206
Randall-Ballard;933.564.7029x6917
Gilbert, Miller and Lee;+1-619-677-8121x28226
Mathis, Olson and Ryan;(906)306-1777x264
Gilbert, Miller and Lee;+1-619-677-8121x28226
Rodriguez, Winters and Perez;6538306661
Higgins and Sons;230-568-4141
King-Rodriguez;7724600682
Gilbert, Miller and Lee;+1-619-677-8121x28226
Lawson-Wilkins;(277)930-2705x3206
Roman-Chambers;001-324-909-1637x2831
Ramirez, Hicks and Lara;853-738-3918
Smith PLC;459-301-8580
Smith PLC;459-301-8580
Higgins and Sons;230-568-4141
Higgins and Sons;230-568-4141
Thornton, Jackson and Gray;001-575-242-3572x740
Randall-Ballard;933.564.7029x6917
Gilbert, Miller and Lee;+1-619-677-8121x28226
White and Sons;288-572-7043
Colon, Palmer and Welch;230-757-6575x898
King-Rodriguez;7724600682
Mack, Wright and Mclaughlin;856-399-9995x715
Brown-Miller;(502)758-2166
Thornton, Jackson and Gray;001-575-242-3572x740
Wagner, Jackson and Holt;+1-362-752-2777x1817
Mack, Wright and Mclaughlin;856-399-9995x715
Campos-Murillo;822-222-4939
Lawson-Wilkins;(277)930-2705x3206
Rodriguez, Winters and Perez;6538306661
Higgins and Sons;230-568-4141
King-Rodriguez;7724600682
Thornton, Jackson and Gray;001-575-242-3572x740
Gilbert, Miller and Lee;+1-619-677-8121x28226
Campos-Murillo;822-222-4939
Gilbert, Miller and Lee;+1-619-677-8121x28226
Mathis, Olson and Ryan;(906)306-1777x264
Wagner, Jackson and Holt;+1-362-752-2777x1817
Peck Group;+1-838-976-6137
King-Rodriguez;7724600682
Rodriguez, Winters and Perez;6538306661
Mathis, Olson and Ryan;(906)306-1777x264
Lee-Miller;+1-588-750-7646
Randall-Ballard;933.564.7029x6917
Mack, Wright and Mclaughlin;856-399-9995x715
Rodriguez, Winters and Perez;6538306661
Smith PLC;459-301-8580
Mack, Wright and Mclaughlin;856-399-9995x715
Randall-Ballard;933.564.7029x6917
Soto-Rivera;805-650-6257x5876
Gilbert, Miller and Lee;+1-619-677-8121x28226
Wagner, Jackson and Holt;+1-362-752-2777x1817
Ramirez, Hicks and Lara;853-738-3918
Roman-Chambers;001-324-909-1637x2831
Wagner, Jackson and Holt;+1-362-752-2777x1817
Higgins and Sons;230-568-4141
Thornton, Jackson and Gray;001-575-242-3572x740
Brown-Miller;(502)758-2166
Thornton, Jackson and Gray;001-575-242-3572x740
Thornton, Jackson and Gray;001-575-242-3572x740
Rodriguez, Winters and Perez;6538306661
Thornton, Jackson and Gray;001-575-242-3572x740
Mack, Wright and Mclaughlin;856-399-9995x715
Colon, Palmer and Welch;230-757-6575x898
Colon, Palmer and Welch;230-757-6575x898
Higgins and Sons;230-568-4141
Rodriguez, Winters and Perez;6538306661
Smith PLC;459-301-8580
Lee-Miller;+1-588-750-7646
White and Sons;288-572-7043
Campos-Murillo;822-222-4939
Lawson-Wilkins;(277)930-2705x3206
Ramirez, Hicks and Lara;853-738-3918
Campos-Murillo;822-222-4939
Lee-Miller;+1-588-750-7646
Campos-Murillo;822-222-4939
Wagner, Jackson and Holt;+1-362-752-2777x1817
Gilbert, Miller and Lee;+1-619-677-8121x28226
Gilbert, Miller and Lee;+1-619-677-8121x28226
Peck Group;+1-838-976-6137
Rodriguez, Winters and Perez;6538306661
King-Rodriguez;7724600682
Gilbert, Miller and Lee;+1-619-677-8121x28226
King-Rodriguez;7724600682
Lee-Miller;+1-588-750-7646
Ramirez, Hicks and Lara;853-738-3918
Rodriguez, Winters and Perez;6538306661
Lawson-Wilkins;(277)930-2705x3206
Brown-Miller;(502)758-2166
Gilbert, Miller and Lee;+1-619-677-8121x28226
Lee-Miller;+1-588-750-7646
Thornton, Jackson and Gray;001-575-242-3572x740
Rodriguez, Winters and Perez;6538306661
Thornton, Jackson and Gray;001-575-242-3572x740
Higgins and Sons;230-568-4141
White and Sons;288-572-7043
Roman-Chambers;001-324-909-1637x2831
Randall-Ballard;933.564.7029x6917
Ramirez, Hicks and Lara;853-738-3918
King-Rodriguez;7724600682
Ramirez, Hicks and Lara;853-738-3918
Rodriguez, Winters and Perez;6538306661
Peck Group;+1-838-976-6137
Ramirez, Hicks and Lara;853-738-3918
Rodriguez, Winters and Perez;6538306661
Colon, Palmer and Welch;230-757-6575x898
Mack, Wright and Mclaughlin;856-399-9995x715
Rodriguez, Winters and Perez;6538306661
Colon, Palmer and Welch;230-757-6575x898
Lawson-Wilkins;(277)930-2705x3206
Lee-Miller;+1-588-750-7646
Mack, Wright and Mclaughlin;856-399-9995x715
Lawson-Wilkins;(277)930-2705x3206
Rodriguez, Winters and Perez;6538306661
Mathis, Olson and Ryan;(906)306-1777x264
White and Sons;288-572-7043
Randall-Ballard;933.564.7029x6917
King-Rodriguez;7724600682
White and Sons;288-572-7043
Lawson-Wilkins;(277)930-2705x3206
Thornton, Jackson and Gray;001-575-242-3572x740
Gilbert, Miller and Lee;+1-619-677-8121x28226
Mack, Wright and Mclaughlin;856-399-9995x715
Wagner, Jackson and Holt;+1-362-752-2777x1817
Mathis, Olson and Ryan;(906)306-1777x264
Gilbert, Miller and Lee;+1-619-677-8121x28226
Lee-Miller;+1-588-750-7646
White and Sons;288-572-7043
Lawson-Wilkins;(277)930-2705x3206
Brown-Miller;(502)758-2166
White and Sons;288-572-7043
Brown-Miller;(502)758-2166
Mack, Wright and Mclaughlin;856-399-9995x715
Smith PLC;459-301-8580
White and Sons;288-572-7043
Mathis, Olson and Ryan;(906)306-1777x264
Smith PLC;459-301-8580
Lee-Miller;+1-588-750-7646
Thornton, Jackson and Gray;001-575-242-3572x740
Gilbert, Miller and Lee;+1-619-677-8121x28226
Campos-Murillo;822-222-4939
Thornton, Jackson and Gray;001-575-242-3572x740
King-Rodriguez;7724600682
Roman-Chambers;001-324-909-1637x2831
Mack, Wright and Mclaughlin;856-399-9995x715
Mathis, Olson and Ryan;(906)306-1777x264
Peck Group;+1-838-976-6137
Ramirez, Hicks and Lara;853-738-3918
Mathis, Olson and Ryan;(906)306-1777x264
Ramirez, Hicks and Lara;853-738-3918
Ramirez, Hicks and Lara;853-738-3918
Higgins and Sons;230-568-4141
Randall-Ballard;933.564.7029x6917
Thornton, Jackson and Gray;001-575-242-3572x740
Campos-Murillo;822-222-4939
Higgins and Sons;230-568-4141
Peck Group;+1-838-976-6137
Colon, Palmer and Welch;230-757-6575x898
Smith PLC;459-301-8580
Smith PLC;459-301-8580
Mack, Wright and Mclaughlin;856-399-9995x715
Smith PLC;459-301-8580
Ramirez, Hicks and Lara;853-738-3918
Rodriguez, Winters and Perez;6538306661
Brown-Miller;(502)758-2166
Lawson-Wilkins;(277)930-2705x3206
Soto-Rivera;805-650-6257x5876
Thornton, Jackson and Gray;001-575-242-3572x740
Thornton, Jackson and Gray;001-575-242-3572x740
White and Sons;288-572-7043
White and Sons;288-572-7043
Soto-Rivera;805-650-6257x5876
Wagner, Jackson and Holt;+1-362-752-2777x1817
Mack, Wright and Mclaughlin;856-399-9995x715
Soto-Rivera;805-650-6257x5876
Rodriguez, Winters and Perez;6538306661
Higgins and Sons;230-568-4141
Randall-Ballard;933.564.7029x6917
Lee-Miller;+1-588-750-7646
Randall-Ballard;933.564.7029x6917
Soto-Rivera;805-650-6257x5876
King-Rodriguez;7724600682
Mack, Wright and Mclaughlin;856-399-9995x715
Peck Group;+1-838-976-6137
Thornton, Jackson and Gray;001-575-242-3572x740
Lee-Miller;+1-588-750-7646
Campos-Murillo;822-222-4939
Mack, Wright and Mclaughlin;856-399-9995x715
Campos-Murillo;822-222-4939
Smith PLC;459-301-8580
Mack, Wright and Mclaughlin;856-399-9995x715
Colon, Palmer and Welch;230-757-6575x898
Soto-Rivera;805-650-6257x5876
Gilbert, Miller and Lee;+1-619-677-8121x28226
Smith PLC;459-301-8580
Brown-Miller;(502)758-2166
King-Rodriguez;7724600682
Colon, Palmer and Welch;230-757-6575x898
Mack, Wright and Mclaughlin;856-399-9995x715
Peck Group;+1-838-976-6137
King-Rodriguez;7724600682
Lee-Miller;+1-588-750-7646
Roman-Chambers;001-324-909-1637x2831
Soto-Rivera;805-650-6257x5876
White and Sons;288-572-7043
Wagner, Jackson and Holt;+1-362-752-2777x1817
Roman-Chambers;001-324-909-1637x2831
Colon, Palmer and Welch;230-757-6575x898
Randall-Ballard;933.564.7029x6917
Soto-Rivera;805-650-6257x5876
Mack, Wright and Mclaughlin;856-399-9995x715
Randall-Ballard;933.564.7029x6917
Gilbert, Miller and Lee;+1-619-677-8121x28226
Brown-Miller;(502)758-2166
Peck Group;+1-838-976-6137
Smith PLC;459-301-8580
White and Sons;288-572-7043
Wagner, Jackson and Holt;+1-362-752-2777x1817
Roman-Chambers;001-324-909-1637x2831
Rodriguez, Winters and Perez;6538306661
King-Rodriguez;7724600682
Randall-Ballard;933.564.7029x6917
Campos-Murillo;822-222-4939
Ramirez, Hicks and Lara;853-738-3918
King-Rodriguez;7724600682
White and Sons;288-572-7043
Mack, Wright and Mclaughlin;856-399-9995x715
Rodriguez, Winters and Perez;6538306661
Campos-Murillo;822-222-4939
King-Rodriguez;7724600682
Mathis, Olson and Ryan;(906)306-1777x264
Soto-Rivera;805-650-6257x5876
Rodriguez, Winters and Perez;6538306661
Campos-Murillo;822-222-4939
Lawson-Wilkins;(277)930-2705x3206
Colon, Palmer and Welch;230-757-6575x898
Randall-Ballard;933.564.7029x6917
Rodriguez, Winters and Perez;6538306661
Mathis, Olson and Ryan;(906)306-1777x264
Campos-Murillo;822-222-4939
Randall-Ballard;933.564.7029x6917
Gilbert, Miller and Lee;+1-619-677-8121x28226
Rodriguez, Winters and Perez;6538306661
Lee-Miller;+1-588-750-7646
Higgins and Sons;230-568-4141
Smith PLC;459-301-8580
Lee-Miller;+1-588-750-7646
Higgins and Sons;230-568-4141
Wagner, Jackson and Holt;+1-362-752-2777x1817
Roman-Chambers;001-324-909-1637x2831
Mack, Wright and Mclaughlin;856-399-9995x715
Mack, Wright and Mclaughlin;856-399-9995x715
Peck Group;+1-838-976-6137
Roman-Chambers;001-324-909-1637x2831
Peck Group;+1-838-976-6137
Mack, Wright and Mclaughlin;856-399-9995x715
Rodriguez, Winters and Perez;6538306661
Campos-Murillo;822-222-4939
Brown-Miller;(502)758-2166
Mathis, Olson and Ryan;(906)306-1777x264
Campos-Murillo;822-222-4939
Brown-Miller;(502)758-2166
Smith PLC;459-301-8580
Mathis, Olson and Ryan;(906)306-1777x264
Smith PLC;459-301-8580
Randall-Ballard;933.564.7029x6917
White and Sons;288-572-7043
King-Rodriguez;7724600682
Mack, Wright and Mclaughlin;856-399-9995x715
King-Rodriguez;7724600682
Soto-Rivera;805-650-6257x5876
Ramirez, Hicks and Lara;853-738-3918
King-Rodriguez;7724600682
Smith PLC;459-301-8580
Thornton, Jackson and Gray;001-575-242-3572x740
Lawson-Wilkins;(277)930-2705x3206
Wagner, Jackson and Holt;+1-362-752-2777x1817
Colon, Palmer and Welch;230-757-6575x898
Randall-Ballard;933.564.7029x6917
Higgins and Sons;230-568-4141
Brown-Miller;(502)758-2166
Campos-Murillo;822-222-4939
White and Sons;288-572-7043
Wagner, Jackson and Holt;+1-362-752-2777x1817
King-Rodriguez;7724600682
Ramirez, Hicks and Lara;853-738-3918
Lawson-Wilkins;(277)930-2705x3206
Colon, Palmer and Welch;230-757-6575x898
Campos-Murillo;822-222-4939
Smith PLC;459-301-8580
Brown-Miller;(502)758-2166
Higgins and Sons;230-568-4141
Mack, Wright and Mclaughlin;856-399-9995x715
Soto-Rivera;805-650-6257x5876
Mack, Wright and Mclaughlin;856-399-9995x715
Ramirez, Hicks and Lara;853-738-3918
Mack, Wright and Mclaughlin;856-399-9995x715
Ramirez, Hicks and Lara;853-738-3918
Colon, Palmer and Welch;230-757-6575x898
Colon, Palmer and Welch;230-757-6575x898
Peck Group;+1-838-976-6137
Mathis, Olson and Ryan;(906)306-1777x264
Mathis, Olson and Ryan;(906)306-1777x264
Soto-Rivera;805-650-6257x5876
Lee-Miller;+1-588-750-7646
Higgins and Sons;230-568-4141
Wagner, Jackson and Holt;+1-362-752-2777x1817
Lee-Miller;+1-588-750-7646
Campos-Murillo;822-222-4939
Campos-Murillo;822-222-4939
Campos-Murillo;822-222-4939
Higgins and Sons;230-568-4141
Soto-Rivera;805-650-6257x5876
Soto-Rivera;805-650-6257x5876
Colon, Palmer and Welch;230-757-6575x898
Wagner, Jackson and Holt;+1-362-752-2777x1817
Colon, Palmer and Welch;230-757-6575x898
Smith PLC;459-301-8580
Peck Group;+1-838-976-6137
Campos-Murillo;822-222-4939
Wagner, Jackson and Holt;+1-362-752-2777x1817
Smith PLC;459-301-8580
Lawson-Wilkins;(277)930-2705x3206
Higgins and Sons;230-568-4141
Rodriguez, Winters and Perez;6538306661
Mack, Wright and Mclaughlin;856-399-9995x715
Lee-Miller;+1-588-750-7646
Colon, Palmer and Welch;230-757-6575x898
Ramirez, Hicks and Lara;853-738-3918
Thornton, Jackson and Gray;001-575-242-3572x740
Randall-Ballard;933.564.7029x6917
Wagner, Jackson and Holt;+1-362-752-2777x1817
Smith PLC;459-301-8580
Mathis, Olson and Ryan;(906)306-1777x264
Ramirez, Hicks and Lara;853-738-3918
Soto-Rivera;805-650-6257x5876
Campos-Murillo;822-222-4939
Lawson-Wilkins;(277)930-2705x3206
King-Rodriguez;7724600682
White and Sons;288-572-7043
White and Sons;288-572-7043
Roman-Chambers;001-324-909-1637x2831
Higgins and Sons;230-568-4141
Mathis, Olson and Ryan;(906)306-1777x264
King-Rodriguez;7724600682
Colon, Palmer and Welch;230-757-6575x898
Roman-Chambers;001-324-909-1637x2831
Brown-Miller;(502)758-2166
Lawson-Wilkins;(277)930-2705x3206
King-Rodriguez;7724600682
Mack, Wright and Mclaughlin;856-399-9995x715
Roman-Chambers;001-324-909-1637x2831
Roman-Chambers;001-324-909-1637x2831
Lawson-Wilkins;(277)930-2705x3206
Thornton, Jackson and Gray;001-575-242-3572x740
White and Sons;288-572-7043
White and Sons;288-572-7043
Lawson-Wilkins;(277)930-2705x3206
Mathis, Olson and Ryan;(906)306-1777x264
Peck Group;+1-838-976-6137
White and Sons;288-572-7043
Thornton, Jackson and Gray;001-575-242-3572x740
Higgins and Sons;230-568-4141
Randall-Ballard;933.564.7029x6917
Smith PLC;459-301-8580
Brown-Miller;(502)758-2166
Lee-Miller;+1-588-750-7646
Gilbert, Miller and Lee;+1-619-677-8121x28226
Peck Group;+1-838-976-6137
Higgins and Sons;230-568-4141
Soto-Rivera;805-650-6257x5876
Mathis, Olson and Ryan;(906)306-1777x264
Smith PLC;459-301-8580
Mack, Wright and Mclaughlin;856-399-9995x715
Mathis, Olson and Ryan;(906)306-1777x264
Campos-Murillo;822-222-4939
King-Rodriguez;7724600682
Soto-Rivera;805-650-6257x5876
Wagner, Jackson and Holt;+1-362-752-2777x1817
Thornton, Jackson and Gray;001-575-242-3572x740
Roman-Chambers;001-324-909-1637x2831
Peck Group;+1-838-976-6137
Wagner, Jackson and Holt;+1-362-752-2777x1817
Ramirez, Hicks and Lara;853-738-3918
Wagner, Jackson and Holt;+1-362-752-2777x1817
Gilbert, Miller and Lee;+1-619-677-8121x28226
King-Rodriguez;7724600682
Soto-Rivera;805-650-6257x5876
Ramirez, Hicks and Lara;853-738-3918
Rodriguez, Winters and Perez;6538306661
Campos-Murillo;822-222-4939
Mack, Wright and Mclaughlin;856-399-9995x715
Lawson-Wilkins;(277)930-2705x3206
Peck Group;+1-838-976-6137
Roman-Chambers;001-324-909-1637x2831
Gilbert, Miller and Lee;+1-619-677-8121x28226
Randall-Ballard;933.564.7029x6917
Ramirez, Hicks and Lara;853-738-3918
Wagner, Jackson and Holt;+1-362-752-2777x1817
Gilbert, Miller and Lee;+1-619-677-8121x28226
Lawson-Wilkins;(277)930-2705x3206
Smith PLC;459-301-8580
Mack, Wright and Mclaughlin;856-399-9995x715
Smith PLC;459-301-8580
Wagner, Jackson and Holt;+1-362-752-2777x1817
Randall-Ballard;933.564.7029x6917
King-Rodriguez;7724600682
Mathis, Olson and Ryan;(906)306-1777x264
Rodriguez, Winters and Perez;6538306661
Peck Group;+1-838-976-6137
Peck Group;+1-838-976-6137
Lee-Miller;+1-588-750-7646
Randall-Ballard;933.564.7029x6917
Thornton, Jackson and Gray;001-575-242-3572x740
Roman-Chambers;001-324-909-1637x2831
Rodriguez, Winters and Perez;6538306661
Lawson-Wilkins;(277)930-2705x3206
King-Rodriguez;7724600682
Randall-Ballard;933.564.7029x6917
Colon, Palmer and Welch;230-757-6575x898
Lawson-Wilkins;(277)930-2705x3206
Smith PLC;459-301-8580
Randall-Ballard;933.564.7029x6917
Colon, Palmer and Welch;230-757-6575x898
Higgins and Sons;230-568-4141
Rodriguez, Winters and Perez;6538306661
White and Sons;288-572-7043
White and Sons;288-572-7043
Mathis, Olson and Ryan;(906)306-1777x264
Smith PLC;459-301-8580
Mack, Wright and Mclaughlin;856-399-9995x715
Higgins and Sons;230-568-4141
Smith PLC;459-301-8580
Rodriguez, Winters and Perez;6538306661
Colon, Palmer and Welch;230-757-6575x898
Colon, Palmer and Welch;230-757-6575x898
Smith PLC;459-301-8580
Mack, Wright and Mclaughlin;856-399-9995x715
King-Rodriguez;7724600682
Higgins and Sons;230-568-4141
Mathis, Olson and Ryan;(906)306-1777x264
Mathis, Olson and Ryan;(906)306-1777x264
Mathis, Olson and Ryan;(906)306-1777x264
Higgins and Sons;230-568-4141
Soto-Rivera;805-650-6257x5876
Peck Group;+1-838-976-6137
Campos-Murillo;822-222-4939
Gilbert, Miller and Lee;+1-619-677-8121x28226
Smith PLC;459-301-8580
Mack, Wright and Mclaughlin;856-399-9995x715
Roman-Chambers;001-324-909-1637x2831
White and Sons;288-572-7043
Randall-Ballard;933.564.7029x6917
Randall-Ballard;933.564.7029x6917
Brown-Miller;(502)758-2166
Randall-Ballard;933.564.7029x6917
Thornton, Jackson and Gray;001-575-242-3572x740
Mack, Wright and Mclaughlin;856-399-9995x715
Mack, Wright and Mclaughlin;856-399-9995x715
Campos-Murillo;822-222-4939
Colon, Palmer and Welch;230-757-6575x898
Soto-Rivera;805-650-6257x5876
Soto-Rivera;805-650-6257x5876
Gilbert, Miller and Lee;+1-619-677-8121x28226
Gilbert, Miller and Lee;+1-619-677-8121x28226
Lee-Miller;+1-588-750-7646
Mack, Wright and Mclaughlin;856-399-9995x715
Randall-Ballard;933.564.7029x6917
Brown-Miller;(502)758-2166
Mack, Wright and Mclaughlin;856-399-9995x715
Mack, Wright and Mclaughlin;856-399-9995x715
Ramirez, Hicks and Lara;853-738-3918
Peck Group;+1-838-976-6137
Rodriguez, Winters and Perez;6538306661
Brown-Miller;(502)758-2166
Wagner, Jackson and Holt;+1-362-752-2777x1817
White and Sons;288-572-7043
Mathis, Olson and Ryan;(906)306-1777x264
Wagner, Jackson and Holt;+1-362-752-2777x1817
Mack, Wright and Mclaughlin;856-399-9995x715
King-Rodriguez;7724600682
Rodriguez, Winters and Perez;6538306661
Lee-Miller;+1-588-750-7646
Thornton, Jackson and Gray;001-575-242-3572x740
Higgins and Sons;230-568-4141
Wagner, Jackson and Holt;+1-362-752-2777x1817
Randall-Ballard;933.564.7029x6917
Smith PLC;459-301-8580
Thornton, Jackson and Gray;001-575-242-3572x740
Ramirez, Hicks and Lara;853-738-3918
Rodriguez, Winters and Perez;6538306661
Ramirez, Hicks and Lara;853-738-3918
Peck Group;+1-838-976-6137
Higgins and Sons;230-568-4141
Soto-Rivera;805-650-6257x5876
Campos-Murillo;822-222-4939
Rodriguez, Winters and Perez;6538306661
Ramirez, Hicks and Lara;853-738-3918
Mathis, Olson and Ryan;(906)306-1777x264
Gilbert, Miller and Lee;+1-619-677-8121x28226
Thornton, Jackson and Gray;001-575-242-3572x740
Lawson-Wilkins;(277)930-2705x3206
Roman-Chambers;001-324-909-1637x2831
Lee-Miller;+1-588-750-7646
Higgins and Sons;230-568-4141
Peck Group;+1-838-976-6137
Brown-Miller;(502)758-2166
Lawson-Wilkins;(277)930-2705x3206
Higgins and Sons;230-568-4141
Smith PLC;459-301-8580
Thornton, Jackson and Gray;001-575-242-3572x740
Peck Group;+1-838-976-6137
Smith PLC;459-301-8580
White and Sons;288-572-7043
Roman-Chambers;001-324-909-1637x2831
Randall-Ballard;933.564.7029x6917
Mathis, Olson and Ryan;(906)306-1777x264
Thornton, Jackson and Gray;001-575-242-3572x740
Gilbert, Miller and Lee;+1-619-677-8121x28226
Higgins and Sons;230-568-4141
King-Rodriguez;7724600682
White and Sons;288-572-7043
Peck Group;+1-838-976-6137
Randall-Ballard;933.564.7029x6917
Campos-Murillo;822-222-4939
Rodriguez, Winters and Perez;6538306661
Gilbert, Miller and Lee;+1-619-677-8121x28226
Roman-Chambers;001-324-909-1637x2831
Lee-Miller;+1-588-750-7646
Campos-Murillo;822-222-4939
Lawson-Wilkins;(277)930-2705x3206
Colon, Palmer and Welch;230-757-6575x898
Thornton, Jackson and Gray;001-575-242-3572x740
Gilbert, Miller and Lee;+1-619-677-8121x28226
Rodriguez, Winters and Perez;6538306661
Higgins and Sons;230-568-4141
Thornton, Jackson and Gray;001-575-242-3572x740
Ramirez, Hicks and Lara;853-738-3918
King-Rodriguez;7724600682
Gilbert, Miller and Lee;+1-619-677-8121x28226
Gilbert, Miller and Lee;+1-619-677-8121x28226
Soto-Rivera;805-650-6257x5876
Lee-Miller;+1-588-750-7646
Colon, Palmer and Welch;230-757-6575x898
Lee-Miller;+1-588-750-7646
Smith PLC;459-301-8580
Rodriguez, Winters and Perez;6538306661
Colon, Palmer and Welch;230-757-6575x898
Campos-Murillo;822-222-4939
Wagner, Jackson and Holt;+1-362-752-2777x1817
Higgins and Sons;230-568-4141
Lee-Miller;+1-588-750-7646
Mack, Wright and Mclaughlin;856-399-9995x715
Mathis, Olson and Ryan;(906)306-1777x264
Higgins and Sons;230-568-4141
Peck Group;+1-838-976-6137
Randall-Ballard;933.564.7029x6917
Mack, Wright and Mclaughlin;856-399-9995x715
Lee-Miller;+1-588-750-7646
Lee-Miller;+1-588-750-7646
Lawson-Wilkins;(277)930-2705x3206
Smith PLC;459-301-8580
Rodriguez, Winters and Perez;6538306661
Higgins and Sons;230-568-4141
Randall-Ballard;933.564.7029x6917
Mathis, Olson and Ryan;(906)306-1777x264
King-Rodriguez;7724600682
Peck Group;+1-838-976-6137
Mathis, Olson and Ryan;(906)306-1777x264
Colon, Palmer and Welch;230-757-6575x898
King-Rodriguez;7724600682
Soto-Rivera;805-650-6257x5876
Colon, Palmer and Welch;230-757-6575x898
Gilbert, Miller and Lee;+1-619-677-8121x28226
Wagner, Jackson and Holt;+1-362-752-2777x1817
White and Sons;288-572-7043
Higgins and Sons;230-568-4141
Lee-Miller;+1-588-750-7646
Roman-Chambers;001-324-909-1637x2831
Ramirez, Hicks and Lara;853-738-3918
Lawson-Wilkins;(277)930-2705x3206
Lawson-Wilkins;(277)930-2705x3206
Gilbert, Miller and Lee;+1-619-677-8121x28226
Lee-Miller;+1-588-750-7646
Lawson-Wilkins;(277)930-2705x3206
Smith PLC;459-301-8580
Wagner, Jackson and Holt;+1-362-752-2777x1817
Colon, Palmer and Welch;230-757-6575x898
Rodriguez, Winters and Perez;6538306661
Smith PLC;459-301-8580
Roman-Chambers;001-324-909-1637x2831
Roman-Chambers;001-324-909-1637x2831
Brown-Miller;(502)758-2166
King-Rodriguez;7724600682
White and Sons;288-572-7043
Mathis, Olson and Ryan;(906)306-1777x264
Mathis, Olson and Ryan;(906)306-1777x264
Lee-Miller;+1-588-750-7646
Smith PLC;459-301-8580
Mack, Wright and Mclaughlin;856-399-9995x715
Mathis, Olson and Ryan;(906)306-1777x264
Colon, Palmer and Welch;230-757-6575x898
Campos-Murillo;822-222-4939
Lee-Miller;+1-588-750-7646
Lawson-Wilkins;(277)930-2705x3206
Smith PLC;459-301-8580
Wagner, Jackson and Holt;+1-362-752-2777x1817
Brown-Miller;(502)758-2166
Soto-Rivera;805-650-6257x5876
Mack, Wright and Mclaughlin;856-399-9995x715
Randall-Ballard;933.564.7029x6917
Rodriguez, Winters and Perez;6538306661
Lee-Miller;+1-588-750-7646
Randall-Ballard;933.564.7029x6917
Lawson-Wilkins;(277)930-2705x3206
Mack, Wright and Mclaughlin;856-399-9995x715
Soto-Rivera;805-650-6257x5876
Mathis, Olson and Ryan;(906)306-1777x264
Lee-Miller;+1-588-750-7646
Mack, Wright and Mclaughlin;856-399-9995x715
Lee-Miller;+1-588-750-7646
Brown-Miller;(502)758-2166
Lawson-Wilkins;(277)930-2705x3206
Peck Group;+1-838-976-6137
Campos-Murillo;822-222-4939
Brown-Miller;(502)758-2166
Roman-Chambers;001-324-909-1637x2831
Higgins and Sons;230-568-4141
Brown-Miller;(502)758-2166
Campos-Murillo;822-222-4939
Ramirez, Hicks and Lara;853-738-3918
Thornton, Jackson and Gray;001-575-242-3572x740
Randall-Ballard;933.564.7029x6917
Campos-Murillo;822-222-4939
Campos-Murillo;822-222-4939
King-Rodriguez;7724600682
Higgins and Sons;230-568-4141
Ramirez, Hicks and Lara;853-738-3918
Mathis, Olson and Ryan;(906)306-1777x264
Mathis, Olson and Ryan;(906)306-1777x264
Roman-Chambers;001-324-909-1637x2831
Mathis, Olson and Ryan;(906)306-1777x264
Brown-Miller;(502)758-2166
Lawson-Wilkins;(277)930-2705x3206
Brown-Miller;(502)758-2166
Gilbert, Miller and Lee;+1-619-677-8121x28226
Roman-Chambers;001-324-909-1637x2831
Ramirez, Hicks and Lara;853-738-3918
Ramirez, Hicks and Lara;853-738-3918
Wagner, Jackson and Holt;+1-362-752-2777x1817
Thornton, Jackson and Gray;001-575-242-3572x740
Gilbert, Miller and Lee;+1-619-677-8121x28226
Peck Group;+1-838-976-6137
Smith PLC;459-301-8580
Colon, Palmer and Welch;230-757-6575x898
Rodriguez, Winters and Perez;6538306661
White and Sons;288-572-7043
Colon, Palmer and Welch;230-757-6575x898
Lee-Miller;+1-588-750-7646
Smith PLC;459-301-8580
Soto-Rivera;805-650-6257x5876
Wagner, Jackson and Holt;+1-362-752-2777x1817
Smith PLC;459-301-8580
Rodriguez, Winters and Perez;6538306661
Soto-Rivera;805-650-6257x5876
Rodriguez, Winters and Perez;6538306661
Higgins and Sons;230-568-4141
Mack, Wright and Mclaughlin;856-399-9995x715
Gilbert, Miller and Lee;+1-619-677-8121x28226
Higgins and Sons;230-568-4141
Mack, Wright and Mclaughlin;856-399-9995x715
Roman-Chambers;001-324-909-1637x2831
Mathis, Olson and Ryan;(906)306-1777x264
Rodriguez, Winters and Perez;6538306661
Rodriguez, Winters and Perez;6538306661
Colon, Palmer and Welch;230-757-6575x898
Ramirez, Hicks and Lara;853-738-3918
King-Rodriguez;7724600682
Colon, Palmer and Welch;230-757-6575x898
Peck Group;+1-838-976-6137
Brown-Miller;(502)758-2166
King-Rodriguez;7724600682
Soto-Rivera;805-650-6257x5876
Mack, Wright and Mclaughlin;856-399-9995x715
King-Rodriguez;7724600682
Colon, Palmer and Welch;230-757-6575x898
Campos-Murillo;822-222-4939
Brown-Miller;(502)758-2166
Brown-Miller;(502)758-2166
Lee-Miller;+1-588-750-7646
Mathis, Olson and Ryan;(906)306-1777x264
Brown-Miller;(502)758-2166
Wagner, Jackson and Holt;+1-362-752-2777x1817
Ramirez, Hicks and Lara;853-738-3918
Lawson-Wilkins;(277)930-2705x3206
Thornton, Jackson and Gray;001-575-242-3572x740
Soto-Rivera;805-650-6257x5876
Soto-Rivera;805-650-6257x5876
Campos-Murillo;822-222-4939
White and Sons;288-572-7043
Campos-Murillo;822-222-4939
Smith PLC;459-301-8580
White and Sons;288-572-7043
Roman-Chambers;001-324-909-1637x2831
Roman-Chambers;001-324-909-1637x2831
White and Sons;288-572-7043
White and Sons;288-572-7043
Campos-Murillo;822-222-4939
Wagner, Jackson and Holt;+1-362-752-2777x1817
Thornton, Jackson and Gray;001-575-242-3572x740
Mathis, Olson and Ryan;(906)306-1777x264
Campos-Murillo;822-222-4939
Gilbert, Miller and Lee;+1-619-677-8121x28226
Gilbert, Miller and Lee;+1-619-677-8121x28226
Brown-Miller;(502)758-2166
Roman-Chambers;001-324-909-1637x2831
Randall-Ballard;933.564.7029x6917
King-Rodriguez;7724600682
Randall-Ballard;933.564.7029x6917
Colon, Palmer and Welch;230-757-6575x898
Mathis, Olson and Ryan;(906)306-1777x264
White and Sons;288-572-7043
Gilbert, Miller and Lee;+1-619-677-8121x28226
Higgins and Sons;230-568-4141
Rodriguez, Winters and Perez;6538306661
Randall-Ballard;933.564.7029x6917
Smith PLC;459-301-8580
Lawson-Wilkins;(277)930-2705x3206
Mathis, Olson and Ryan;(906)306-1777x264
Mathis, Olson and Ryan;(906)306-1777x264
Rodriguez, Winters and Perez;6538306661
Mack, Wright and Mclaughlin;856-399-9995x715
Mathis, Olson and Ryan;(906)306-1777x264
Roman-Chambers;001-324-909-1637x2831
King-Rodriguez;7724600682
Smith PLC;459-301-8580
Ramirez, Hicks and Lara;853-738-3918
Lee-Miller;+1-588-750-7646
Mathis, Olson and Ryan;(906)306-1777x264
Roman-Chambers;001-324-909-1637x2831
King-Rodriguez;7724600682
Rodriguez, Winters and Perez;6538306661
Mack, Wright and Mclaughlin;856-399-9995x715
Soto-Rivera;805-650-6257x5876
Brown-Miller;(502)758-2166
Smith PLC;459-301-8580
Smith PLC;459-301-8580
Rodriguez, Winters and Perez;6538306661
Peck Group;+1-838-976-6137
White and Sons;288-572-7043
Rodriguez, Winters and Perez;6538306661
Soto-Rivera;805-650-6257x5876
Higgins and Sons;230-568-4141
Wagner, Jackson and Holt;+1-362-752-2777x1817
Thornton, Jackson and Gray;001-575-242-3572x740
White and Sons;288-572-7043
Campos-Murillo;822-222-4939
Colon, Palmer and Welch;230-757-6575x898
Gilbert, Miller and Lee;+1-619-677-8121x28226
Thornton, Jackson and Gray;001-575-242-3572x740
Gilbert, Miller and Lee;+1-619-677-8121x28226
Higgins and Sons;230-568-4141
Peck Group;+1-838-976-6137
Colon, Palmer and Welch;230-757-6575x898
Soto-Rivera;805-650-6257x5876
Mack, Wright and Mclaughlin;856-399-9995x715
Thornton, Jackson and Gray;001-575-242-3572x740
Gilbert, Miller and Lee;+1-619-677-8121x28226
Rodriguez, Winters and Perez;6538306661
Campos-Murillo;822-222-4939
Campos-Murillo;822-222-4939
Lee-Miller;+1-588-750-7646
Thornton, Jackson and Gray;001-575-242-3572x740
Lawson-Wilkins;(277)930-2705x3206
Peck Group;+1-838-976-6137
Roman-Chambers;001-324-909-1637x2831
Mathis, Olson and Ryan;(906)306-1777x264
Soto-Rivera;805-650-6257x5876
Soto-Rivera;805-650-6257x5876
Peck Group;+1-838-976-6137
Lawson-Wilkins;(277)930-2705x3206
Brown-Miller;(502)758-2166
Mack, Wright and Mclaughlin;856-399-9995x715
Roman-Chambers;001-324-909-1637x2831
Smith PLC;459-301-8580
Campos-Murillo;822-222-4939
Mathis, Olson and Ryan;(906)306-1777x264
Randall-Ballard;933.564.7029x6917
Ramirez, Hicks and Lara;853-738-3918
Mack, Wright and Mclaughlin;856-399-9995x715
Brown-Miller;(502)758-2166
Smith PLC;459-301-8580
King-Rodriguez;7724600682
Colon, Palmer and Welch;230-757-6575x898
White and Sons;288-572-7043
Ramirez, Hicks and Lara;853-738-3918
Thornton, Jackson and Gray;001-575-242-3572x740
Roman-Chambers;001-324-909-1637x2831
Rodriguez, Winters and Perez;6538306661
Higgins and Sons;230-568-4141
Gilbert, Miller and Lee;+1-619-677-8121x28226
Lawson-Wilkins;(277)930-2705x3206
Mack, Wright and Mclaughlin;856-399-9995x715
Soto-Rivera;805-650-6257x5876
Campos-Murillo;822-222-4939
Wagner, Jackson and Holt;+1-362-752-2777x1817
Roman-Chambers;001-324-909-1637x2831
Mathis, Olson and Ryan;(906)306-1777x264
Soto-Rivera;805-650-6257x5876
Randall-Ballard;933.564.7029x6917
Ramirez, Hicks and Lara;853-738-3918
Campos-Murillo;822-222-4939
Lee-Miller;+1-588-750-7646
Wagner, Jackson and Holt;+1-362-752-2777x1817
Gilbert, Miller and Lee;+1-619-677-8121x28226
Roman-Chambers;001-324-909-1637x2831
Campos-Murillo;822-222-4939
Ramirez, Hicks and Lara;853-738-3918
Peck Group;+1-838-976-6137
Mathis, Olson and Ryan;(906)306-1777x264
Lawson-Wilkins;(277)930-2705x3206
Brown-Miller;(502)758-2166
Soto-Rivera;805-650-6257x5876
Thornton, Jackson and Gray;001-575-242-3572x740
Brown-Miller;(502)758-2166
Roman-Chambers;001-324-909-1637x2831
White and Sons;288-572-7043
Peck Group;+1-838-976-6137
White and Sons;288-572-7043
Rodriguez, Winters and Perez;6538306661
Peck Group;+1-838-976-6137
Lawson-Wilkins;(277)930-2705x3206
Lee-Miller;+1-588-750-7646
Ramirez, Hicks and Lara;853-738-3918
Colon, Palmer and Welch;230-757-6575x898
Rodriguez, Winters and Perez;6538306661
Lawson-Wilkins;(277)930-2705x3206
Soto-Rivera;805-650-6257x5876
Colon, Palmer and Welch;230-757-6575x898
Peck Group;+1-838-976-6137
Rodriguez, Winters and Perez;6538306661
Randall-Ballard;933.564.7029x6917
Thornton, Jackson and Gray;001-575-242-3572x740
Lawson-Wilkins;(277)930-2705x3206
Mack, Wright and Mclaughlin;856-399-9995x715
Higgins and Sons;230-568-4141
Lee-Miller;+1-588-750-7646
Higgins and Sons;230-568-4141
Colon, Palmer and Welch;230-757-6575x898
Smith PLC;459-301-8580
Soto-Rivera;805-650-6257x5876
Ramirez, Hicks and Lara;853-738-3918
Thornton, Jackson and Gray;001-575-242-3572x740
King-Rodriguez;7724600682
White and Sons;288-572-7043
King-Rodriguez;7724600682
Gilbert, Miller and Lee;+1-619-677-8121x28226
Campos-Murillo;822-222-4939
Soto-Rivera;805-650-6257x5876
King-Rodriguez;7724600682
Lawson-Wilkins;(277)930-2705x3206
Wagner, Jackson and Holt;+1-362-752-2777x1817
Randall-Ballard;933.564.7029x6917
Lee-Miller;+1-588-750-7646
Soto-Rivera;805-650-6257x5876
Roman-Chambers;001-324-909-1637x2831
Colon, Palmer and Welch;230-757-6575x898
Lee-Miller;+1-588-750-7646
Lee-Miller;+1-588-750-7646
Ramirez, Hicks and Lara;853-738-3918
Mathis, Olson and Ryan;(906)306-1777x264
Smith PLC;459-301-8580
Wagner, Jackson and Holt;+1-362-752-2777x1817
Mack, Wright and Mclaughlin;856-399-9995x715
Peck Group;+1-838-976-6137
Ramirez, Hicks and Lara;853-738-3918
Gilbert, Miller and Lee;+1-619-677-8121x28226
Randall-Ballard;933.564.7029x6917
Higgins and Sons;230-568-4141
Smith PLC;459-301-8580
Smith PLC;459-301-8580
Campos-Murillo;822-222-4939
Campos-Murillo;822-222-4939
Higgins and Sons;230-568-4141
Campos-Murillo;822-222-4939
Soto-Rivera;805-650-6257x5876
Roman-Chambers;001-324-909-1637x2831
King-Rodriguez;7724600682
Lee-Miller;+1-588-750-7646
Gilbert, Miller and Lee;+1-619-677-8121x28226
Smith PLC;459-301-8580
Randall-Ballard;933.564.7029x6917
Roman-Chambers;001-324-909-1637x2831
Lawson-Wilkins;(277)930-2705x3206
Wagner, Jackson and Holt;+1-362-752-2777x1817
Peck Group;+1-838-976-6137
Mack, Wright and Mclaughlin;856-399-9995x715
Lawson-Wilkins;(277)930-2705x3206
Roman-Chambers;001-324-909-1637x2831
Rodriguez, Winters and Perez;6538306661
White and Sons;288-572-7043
Soto-Rivera;805-650-6257x5876
Higgins and Sons;230-568-4141
Lawson-Wilkins;(277)930-2705x3206
Rodriguez, Winters and Perez;6538306661
Lawson-Wilkins;(277)930-2705x3206
Thornton, Jackson and Gray;001-575-242-3572x740
Wagner, Jackson and Holt;+1-362-752-2777x1817
Lee-Miller;+1-588-750-7646
King-Rodriguez;7724600682
Lee-Miller;+1-588-750-7646
King-Rodriguez;7724600682
Soto-Rivera;805-650-6257x5876
Mathis, Olson and Ryan;(906)306-1777x264
Higgins and Sons;230-568-4141
Campos-Murillo;822-222-4939
Peck Group;+1-838-976-6137
Ramirez, Hicks and Lara;853-738-3918
Soto-Rivera;805-650-6257x5876
Campos-Murillo;822-222-4939
Smith PLC;459-301-8580
Wagner, Jackson and Holt;+1-362-752-2777x1817
Randall-Ballard;933.564.7029x6917
Wagner, Jackson and Holt;+1-362-752-2777x1817
Lawson-Wilkins;(277)930-2705x3206
Campos-Murillo;822-222-4939
Brown-Miller;(502)758-2166
Rodriguez, Winters and Perez;6538306661
Brown-Miller;(502)758-2166
Wagner, Jackson and Holt;+1-362-752-2777x1817
Brown-Miller;(502)758-2166
Smith PLC;459-301-8580
Campos-Murillo;822-222-4939
Peck Group;+1-838-976-6137
Peck Group;+1-838-976-6137
Lawson-Wilkins;(277)930-2705x3206
Thornton, Jackson and Gray;001-575-242-3572x740
Mack, Wright and Mclaughlin;856-399-9995x715
Lee-Miller;+1-588-750-7646
Smith PLC;459-301-8580
Brown-Miller;(502)758-2166
Rodriguez, Winters and Perez;6538306661
Ramirez, Hicks and Lara;853-738-3918
Brown-Miller;(502)758-2166
Mack, Wright and Mclaughlin;856-399-9995x715
Colon, Palmer and Welch;230-757-6575x898
Ramirez, Hicks and Lara;853-738-3918
Mack, Wright and Mclaughlin;856-399-9995x715
Colon, Palmer and Welch;230-757-6575x898
King-Rodriguez;7724600682
Roman-Chambers;001-324-909-1637x2831
Brown-Miller;(502)758-2166
Gilbert, Miller and Lee;+1-619-677-8121x28226
Roman-Chambers;001-324-909-1637x2831
Wagner, Jackson and Holt;+1-362-752-2777x1817
Lee-Miller;+1-588-750-7646
Peck Group;+1-838-976-6137
Randall-Ballard;933.564.7029x6917
Mack, Wright and Mclaughlin;856-399-9995x715
Soto-Rivera;805-650-6257x5876
Wagner, Jackson and Holt;+1-362-752-2777x1817
Campos-Murillo;822-222-4939
Peck Group;+1-838-976-6137
King-Rodriguez;7724600682
Peck Group;+1-838-976-6137
Smith PLC;459-301-8580
Mack, Wright and Mclaughlin;856-399-9995x715
Brown-Miller;(502)758-2166
Smith PLC;459-301-8580
Lawson-Wilkins;(277)930-2705x3206
White and Sons;288-572-7043
Mack, Wright and Mclaughlin;856-399-9995x715
Randall-Ballard;933.564.7029x6917
Lee-Miller;+1-588-750-7646
Campos-Murillo;822-222-4939
Roman-Chambers;001-324-909-1637x2831
Colon, Palmer and Welch;230-757-6575x898
Ramirez, Hicks and Lara;853-738-3918
King-Rodriguez;7724600682
Campos-Murillo;822-222-4939
Higgins and Sons;230-568-4141
Randall-Ballard;933.564.7029x6917
Smith PLC;459-301-8580
Mathis, Olson and Ryan;(906)306-1777x264
Randall-Ballard;933.564.7029x6917
Ramirez, Hicks and Lara;853-738-3918
Higgins and Sons;230-568-4141
Lee-Miller;+1-588-750-7646
Ramirez, Hicks and Lara;853-738-3918
Lawson-Wilkins;(277)930-2705x3206
Soto-Rivera;805-650-6257x5876
Higgins and Sons;230-568-4141
White and Sons;288-572-7043
King-Rodriguez;7724600682
Thornton, Jackson and Gray;001-575-242-3572x740
Mack, Wright and Mclaughlin;856-399-9995x715
Smith PLC;459-301-8580
King-Rodriguez;7724600682
Ramirez, Hicks and Lara;853-738-3918
Randall-Ballard;933.564.7029x6917
Mathis, Olson and Ryan;(906)306-1777x264
Smith PLC;459-301-8580
King-Rodriguez;7724600682
Lawson-Wilkins;(277)930-2705x3206
Smith PLC;459-301-8580
Soto-Rivera;805-650-6257x5876
Colon, Palmer and Welch;230-757-6575x898
White and Sons;288-572-7043
White and Sons;288-572-7043
King-Rodriguez;7724600682
Soto-Rivera;805-650-6257x5876
Roman-Chambers;001-324-909-1637x2831
Higgins and Sons;230-568-4141
White and Sons;288-572-7043
Mack, Wright and Mclaughlin;856-399-9995x715
Colon, Palmer and Welch;230-757-6575x898
White and Sons;288-572-7043
Lawson-Wilkins;(277)930-2705x3206
Wagner, Jackson and Holt;+1-362-752-2777x1817
Mack, Wright and Mclaughlin;856-399-9995x715
Lee-Miller;+1-588-750-7646
Lawson-Wilkins;(277)930-2705x3206
Soto-Rivera;805-650-6257x5876
Roman-Chambers;001-324-909-1637x2831
Lee-Miller;+1-588-750-7646
Roman-Chambers;001-324-909-1637x2831
Higgins and Sons;230-568-4141
Soto-Rivera;805-650-6257x5876
Rodriguez, Winters and Perez;6538306661
Ramirez, Hicks and Lara;853-738-3918
Mathis, Olson and Ryan;(906)306-1777x264
Brown-Miller;(502)758-2166
Brown-Miller;(502)758-2166
Thornton, Jackson and Gray;001-575-242-3572x740
Ramirez, Hicks and Lara;853-738-3918
King-Rodriguez;7724600682
Rodriguez, Winters and Perez;6538306661
Smith PLC;459-301-8580
Mack, Wright and Mclaughlin;856-399-9995x715
Randall-Ballard;933.564.7029x6917
Mathis, Olson and Ryan;(906)306-1777x264
Smith PLC;459-301-8580
Randall-Ballard;933.564.7029x6917
Randall-Ballard;933.564.7029x6917
Peck Group;+1-838-976-6137
Gilbert, Miller and Lee;+1-619-677-8121x28226
Peck Group;+1-838-976-6137
White and Sons;288-572-7043
Mathis, Olson and Ryan;(906)306-1777x264
Smith PLC;459-301-8580
Lawson-Wilkins;(277)930-2705x3206
Gilbert, Miller and Lee;+1-619-677-8121x28226
Higgins and Sons;230-568-4141
Mathis, Olson and Ryan;(906)306-1777x264
Mathis, Olson and Ryan;(906)306-1777x264
King-Rodriguez;7724600682
Ramirez, Hicks and Lara;853-738-3918
Higgins and Sons;230-568-4141
Colon, Palmer and Welch;230-757-6575x898
Higgins and Sons;230-568-4141
Lawson-Wilkins;(277)930-2705x3206
Colon, Palmer and Welch;230-757-6575x898
King-Rodriguez;7724600682
White and Sons;288-572-7043
Lee-Miller;+1-588-750-7646
Mathis, Olson and Ryan;(906)306-1777x264
Gilbert, Miller and Lee;+1-619-677-8121x28226
Colon, Palmer and Welch;230-757-6575x898
Peck Group;+1-838-976-6137
Lee-Miller;+1-588-750-7646
Lawson-Wilkins;(277)930-2705x3206
Mack, Wright and Mclaughlin;856-399-9995x715
Peck Group;+1-838-976-6137
Roman-Chambers;001-324-909-1637x2831
Thornton, Jackson and Gray;001-575-242-3572x740
Mathis, Olson and Ryan;(906)306-1777x264
Colon, Palmer and Welch;230-757-6575x898
Brown-Miller;(502)758-2166
Rodriguez, Winters and Perez;6538306661
Smith PLC;459-301-8580
Thornton, Jackson and Gray;001-575-242-3572x740
Mack, Wright and Mclaughlin;856-399-9995x715
Gilbert, Miller and Lee;+1-619-677-8121x28226
Campos-Murillo;822-222-4939
Colon, Palmer and Welch;230-757-6575x898
Rodriguez, Winters and Perez;6538306661
Lawson-Wilkins;(277)930-2705x3206
Ramirez, Hicks and Lara;853-738-3918
Rodriguez, Winters and Perez;6538306661
Colon, Palmer and Welch;230-757-6575x898
Campos-Murillo;822-222-4939
Smith PLC;459-301-8580
Lawson-Wilkins;(277)930-2705x3206
White and Sons;288-572-7043
White and Sons;288-572-7043
Campos-Murillo;822-222-4939
Gilbert, Miller and Lee;+1-619-677-8121x28226
Colon, Palmer and Welch;230-757-6575x898
Randall-Ballard;933.564.7029x6917
Higgins and Sons;230-568-4141
Lawson-Wilkins;(277)930-2705x3206
Wagner, Jackson and Holt;+1-362-752-2777x1817
Brown-Miller;(502)758-2166
Soto-Rivera;805-650-6257x5876
Rodriguez, Winters and Perez;6538306661
Randall-Ballard;933.564.7029x6917
Rodriguez, Winters and Perez;6538306661
Gilbert, Miller and Lee;+1-619-677-8121x28226
Ramirez, Hicks and Lara;853-738-3918
White and Sons;288-572-7043
Randall-Ballard;933.564.7029x6917
Roman-Chambers;001-324-909-1637x2831
Campos-Murillo;822-222-4939
Lawson-Wilkins;(277)930-2705x3206
Soto-Rivera;805-650-6257x5876
Colon, Palmer and Welch;230-757-6575x898
Mathis, Olson and Ryan;(906)306-1777x264
Ramirez, Hicks and Lara;853-738-3918
King-Rodriguez;7724600682
Roman-Chambers;001-324-909-1637x2831
Lee-Miller;+1-588-750-7646
Rodriguez, Winters and Perez;6538306661
Rodriguez, Winters and Perez;6538306661
Gilbert, Miller and Lee;+1-619-677-8121x28226
Soto-Rivera;805-650-6257x5876
Smith PLC;459-301-8580
Roman-Chambers;001-324-909-1637x2831
Lawson-Wilkins;(277)930-2705x3206
Mathis, Olson and Ryan;(906)306-1777x264
Gilbert, Miller and Lee;+1-619-677-8121x28226
Peck Group;+1-838-976-6137
White and Sons;288-572-7043
Roman-Chambers;001-324-909-1637x2831
Mathis, Olson and Ryan;(906)306-1777x264
Gilbert, Miller and Lee;+1-619-677-8121x28226
Soto-Rivera;805-650-6257x5876
Gilbert, Miller and Lee;+1-619-677-8121x28226
Mathis, Olson and Ryan;(906)306-1777x264
Roman-Chambers;001-324-909-1637x2831
Rodriguez, Winters and Perez;6538306661
Rodriguez, Winters and Perez;6538306661
Colon, Palmer and Welch;230-757-6575x898
Rodriguez, Winters and Perez;6538306661
King-Rodriguez;7724600682
Peck Group;+1-838-976-6137
Higgins and Sons;230-568-4141
Rodriguez, Winters and Perez;6538306661
Mathis, Olson and Ryan;(906)306-1777x264
Thornton, Jackson and Gray;001-575-242-3572x740
Ramirez, Hicks and Lara;853-738-3918
Colon, Palmer and Welch;230-757-6575x898
Higgins and Sons;230-568-4141
Rodriguez, Winters and Perez;6538306661
Roman-Chambers;001-324-909-1637x2831
Lee-Miller;+1-588-750-7646
Mathis, Olson and Ryan;(906)306-1777x264
Smith PLC;459-301-8580
Wagner, Jackson and Holt;+1-362-752-2777x1817
Colon, Palmer and Welch;230-757-6575x898
Brown-Miller;(502)758-2166
Randall-Ballard;933.564.7029x6917
Campos-Murillo;822-222-4939
Roman-Chambers;001-324-909-1637x2831
Campos-Murillo;822-222-4939
Gilbert, Miller and Lee;+1-619-677-8121x28226
Lawson-Wilkins;(277)930-2705x3206
Soto-Rivera;805-650-6257x5876
Higgins and Sons;230-568-4141
Colon, Palmer and Welch;230-757-6575x898
Lawson-Wilkins;(277)930-2705x3206
Mack, Wright and Mclaughlin;856-399-9995x715
Mack, Wright and Mclaughlin;856-399-9995x715
Mack, Wright and Mclaughlin;856-399-9995x715
Ramirez, Hicks and Lara;853-738-3918
Lawson-Wilkins;(277)930-2705x3206
Higgins and Sons;230-568-4141
Roman-Chambers;001-324-909-1637x2831
Lee-Miller;+1-588-750-7646
Colon, Palmer and Welch;230-757-6575x898
Roman-Chambers;001-324-909-1637x2831
Mack, Wright and Mclaughlin;856-399-9995x715
Thornton, Jackson and Gray;001-575-242-3572x740
Brown-Miller;(502)758-2166
Gilbert, Miller and Lee;+1-619-677-8121x28226
King-Rodriguez;7724600682
Higgins and Sons;230-568-4141
Thornton, Jackson and Gray;001-575-242-3572x740
Roman-Chambers;001-324-909-1637x2831
Mack, Wright and Mclaughlin;856-399-9995x715
Wagner, Jackson and Holt;+1-362-752-2777x1817
Lee-Miller;+1-588-750-7646
Gilbert, Miller and Lee;+1-619-677-8121x28226
Peck Group;+1-838-976-6137
Higgins and Sons;230-568-4141
Gilbert, Miller and Lee;+1-619-677-8121x28226
Rodriguez, Winters and Perez;6538306661
Colon, Palmer and Welch;230-757-6575x898
Lawson-Wilkins;(277)930-2705x3206
Gilbert, Miller and Lee;+1-619-677-8121x28226
Mathis, Olson and Ryan;(906)306-1777x264
Lawson-Wilkins;(277)930-2705x3206
Brown-Miller;(502)758-2166
Roman-Chambers;001-324-909-1637x2831
Peck Group;+1-838-976-6137
Peck Group;+1-838-976-6137
Randall-Ballard;933.564.7029x6917
Soto-Rivera;805-650-6257x5876
Colon, Palmer and Welch;230-757-6575x898
Lee-Miller;+1-588-750-7646
Soto-Rivera;805-650-6257x5876
Higgins and Sons;230-568-4141
Brown-Miller;(502)758-2166
King-Rodriguez;7724600682
Lawson-Wilkins;(277)930-2705x3206
Wagner, Jackson and Holt;+1-362-752-2777x1817
Peck Group;+1-838-976-6137
Randall-Ballard;933.564.7029x6917
Smith PLC;459-301-8580
Mathis, Olson and Ryan;(906)306-1777x264
Higgins and Sons;230-568-4141
Brown-Miller;(502)758-2166
Soto-Rivera;805-650-6257x5876
Mathis, Olson and Ryan;(906)306-1777x264
Colon, Palmer and Welch;230-757-6575x898
Higgins and Sons;230-568-4141
Gilbert, Miller and Lee;+1-619-677-8121x28226
Colon, Palmer and Welch;230-757-6575x898
Higgins and Sons;230-568-4141
Randall-Ballard;933.564.7029x6917
White and Sons;288-572-7043
Gilbert, Miller and Lee;+1-619-677-8121x28226
Brown-Miller;(502)758-2166
Mack, Wright and Mclaughlin;856-399-9995x715
Colon, Palmer and Welch;230-757-6575x898
Ramirez, Hicks and Lara;853-738-3918
Peck Group;+1-838-976-6137
Rodriguez, Winters and Perez;6538306661
Ramirez, Hicks and Lara;853-738-3918
Thornton, Jackson and Gray;001-575-242-3572x740
Mathis, Olson and Ryan;(906)306-1777x264
Colon, Palmer and Welch;230-757-6575x898
White and Sons;288-572-7043
Ramirez, Hicks and Lara;853-738-3918
Thornton, Jackson and Gray;001-575-242-3572x740
Brown-Miller;(502)758-2166
Brown-Miller;(502)758-2166
Randall-Ballard;933.564.7029x6917
Soto-Rivera;805-650-6257x5876
Lawson-Wilkins;(277)930-2705x3206
Smith PLC;459-301-8580
Mack, Wright and Mclaughlin;856-399-9995x715
Thornton, Jackson and Gray;001-575-242-3572x740
Mack, Wright and Mclaughlin;856-399-9995x715
Mack, Wright and Mclaughlin;856-399-9995x715
Soto-Rivera;805-650-6257x5876
Brown-Miller;(502)758-2166
Lawson-Wilkins;(277)930-2705x3206
Roman-Chambers;001-324-909-1637x2831
Colon, Palmer and Welch;230-757-6575x898
Ramirez, Hicks and Lara;853-738-3918
Ramirez, Hicks and Lara;853-738-3918
Higgins and Sons;230-568-4141
Randall-Ballard;933.564.7029x6917
Higgins and Sons;230-568-4141
Ramirez, Hicks and Lara;853-738-3918
White and Sons;288-572-7043
Lee-Miller;+1-588-750-7646
Campos-Murillo;822-222-4939
Rodriguez, Winters and Perez;6538306661
Roman-Chambers;001-324-909-1637x2831
King-Rodriguez;7724600682
Thornton, Jackson and Gray;001-575-242-3572x740
Campos-Murillo;822-222-4939
Wagner, Jackson and Holt;+1-362-752-2777x1817
Higgins and Sons;230-568-4141
Mack, Wright and Mclaughlin;856-399-9995x715
Brown-Miller;(502)758-2166
King-Rodriguez;7724600682
Smith PLC;459-301-8580
Lawson-Wilkins;(277)930-2705x3206
Gilbert, Miller and Lee;+1-619-677-8121x28226
Lee-Miller;+1-588-750-7646
White and Sons;288-572-7043
Colon, Palmer and Welch;230-757-6575x898
White and Sons;288-572-7043
Higgins and Sons;230-568-4141
King-Rodriguez;7724600682
White and Sons;288-572-7043
Mathis, Olson and Ryan;(906)306-1777x264
White and Sons;288-572-7043
Lawson-Wilkins;(277)930-2705x3206
Ramirez, Hicks and Lara;853-738-3918
Campos-Murillo;822-222-4939
Ramirez, Hicks and Lara;853-738-3918
Higgins and Sons;230-568-4141
King-Rodriguez;7724600682
Lee-Miller;+1-588-750-7646
Peck Group;+1-838-976-6137
Soto-Rivera;805-650-6257x5876
Thornton, Jackson and Gray;001-575-242-3572x740
Wagner, Jackson and Holt;+1-362-752-2777x1817
Mack, Wright and Mclaughlin;856-399-9995x715
Roman-Chambers;001-324-909-1637x2831
Wagner, Jackson and Holt;+1-362-752-2777x1817
Brown-Miller;(502)758-2166
King-Rodriguez;7724600682
Mathis, Olson and Ryan;(906)306-1777x264
King-Rodriguez;7724600682
Colon, Palmer and Welch;230-757-6575x898
Soto-Rivera;805-650-6257x5876
Higgins and Sons;230-568-4141
Rodriguez, Winters and Perez;6538306661
Mack, Wright and Mclaughlin;856-399-9995x715
Roman-Chambers;001-324-909-1637x2831
Campos-Murillo;822-222-4939
Mathis, Olson and Ryan;(906)306-1777x264
Brown-Miller;(502)758-2166
Brown-Miller;(502)758-2166
Campos-Murillo;822-222-4939
King-Rodriguez;7724600682
Brown-Miller;(502)758-2166
Soto-Rivera;805-650-6257x5876
Rodriguez, Winters and Perez;6538306661
Rodriguez, Winters and Perez;6538306661
Smith PLC;459-301-8580
Lawson-Wilkins;(277)930-2705x3206
Gilbert, Miller and Lee;+1-619-677-8121x28226
Campos-Murillo;822-222-4939
Randall-Ballard;933.564.7029x6917
Smith PLC;459-301-8580
Higgins and Sons;230-568-4141
Mathis, Olson and Ryan;(906)306-1777x264
Higgins and Sons;230-568-4141
Randall-Ballard;933.564.7029x6917
Mack, Wright and Mclaughlin;856-399-9995x715
Higgins and Sons;230-568-4141
Campos-Murillo;822-222-4939
Brown-Miller;(502)758-2166
Lee-Miller;+1-588-750-7646
Roman-Chambers;001-324-909-1637x2831
White and Sons;288-572-7043
Higgins and Sons;230-568-4141
Lee-Miller;+1-588-750-7646
Smith PLC;459-301-8580
Mack, Wright and Mclaughlin;856-399-9995x715
Colon, Palmer and Welch;230-757-6575x898
King-Rodriguez;7724600682
Randall-Ballard;933.564.7029x6917
Brown-Miller;(502)758-2166
Wagner, Jackson and Holt;+1-362-752-2777x1817
Campos-Murillo;822-222-4939
Gilbert, Miller and Lee;+1-619-677-8121x28226
Brown-Miller;(502)758-2166
Lee-Miller;+1-588-750-7646
Campos-Murillo;822-222-4939
Rodriguez, Winters and Perez;6538306661
Mathis, Olson and Ryan;(906)306-1777x264
Mathis, Olson and Ryan;(906)306-1777x264
Colon, Palmer and Welch;230-757-6575x898
Ramirez, Hicks and Lara;853-738-3918
Lee-Miller;+1-588-750-7646
Campos-Murillo;822-222-4939
Rodriguez, Winters and Perez;6538306661
Smith PLC;459-301-8580
Smith PLC;459-301-8580
Campos-Murillo;822-222-4939
White and Sons;288-572-7043
Rodriguez, Winters and Perez;6538306661
King-Rodriguez;7724600682
Mack, Wright and Mclaughlin;856-399-9995x715
Randall-Ballard;933.564.7029x6917
King-Rodriguez;7724600682
Wagner, Jackson and Holt;+1-362-752-2777x1817
Higgins and Sons;230-568-4141
White and Sons;288-572-7043
Brown-Miller;(502)758-2166
Wagner, Jackson and Holt;+1-362-752-2777x1817
Mack, Wright and Mclaughlin;856-399-9995x715
Lawson-Wilkins;(277)930-2705x3206
Smith PLC;459-301-8580
Ramirez, Hicks and Lara;853-738-3918
Roman-Chambers;001-324-909-1637x2831
Ramirez, Hicks and Lara;853-738-3918
Gilbert, Miller and Lee;+1-619-677-8121x28226
Randall-Ballard;933.564.7029x6917
Lee-Miller;+1-588-750-7646
Peck Group;+1-838-976-6137
Higgins and Sons;230-568-4141
Mathis, Olson and Ryan;(906)306-1777x264
Gilbert, Miller and Lee;+1-619-677-8121x28226
Mack, Wright and Mclaughlin;856-399-9995x715
Colon, Palmer and Welch;230-757-6575x898
Thornton, Jackson and Gray;001-575-242-3572x740
Gilbert, Miller and Lee;+1-619-677-8121x28226
Rodriguez, Winters and Perez;6538306661
Ramirez, Hicks and Lara;853-738-3918
King-Rodriguez;7724600682
Peck Group;+1-838-976-6137
Roman-Chambers;001-324-909-1637x2831
Brown-Miller;(502)758-2166
Higgins and Sons;230-568-4141
Roman-Chambers;001-324-909-1637x2831
Lawson-Wilkins;(277)930-2705x3206
Ramirez, Hicks and Lara;853-738-3918
Wagner, Jackson and Holt;+1-362-752-2777x1817
White and Sons;288-572-7043
Brown-Miller;(502)758-2166
Smith PLC;459-301-8580
Lee-Miller;+1-588-750-7646
Peck Group;+1-838-976-6137
Rodriguez, Winters and Perez;6538306661
White and Sons;288-572-7043
Higgins and Sons;230-568-4141
Rodriguez, Winters and Perez;6538306661
Campos-Murillo;822-222-4939
Lee-Miller;+1-588-750-7646
White and Sons;288-572-7043
Brown-Miller;(502)758-2166
Colon, Palmer and Welch;230-757-6575x898
Mack, Wright and Mclaughlin;856-399-9995x715
Brown-Miller;(502)758-2166
Roman-Chambers;001-324-909-1637x2831
King-Rodriguez;7724600682
Ramirez, Hicks and Lara;853-738-3918
Higgins and Sons;230-568-4141
White and Sons;288-572-7043
Smith PLC;459-301-8580
Thornton, Jackson and Gray;001-575-242-3572x740
King-Rodriguez;7724600682
Brown-Miller;(502)758-2166
Ramirez, Hicks and Lara;853-738-3918
Smith PLC;459-301-8580
Ramirez, Hicks and Lara;853-738-3918
Wagner, Jackson and Holt;+1-362-752-2777x1817
Wagner, Jackson and Holt;+1-362-752-2777x1817
Mathis, Olson and Ryan;(906)306-1777x264
Campos-Murillo;822-222-4939
Campos-Murillo;822-222-4939
Higgins and Sons;230-568-4141
Randall-Ballard;933.564.7029x6917
Randall-Ballard;933.564.7029x6917
King-Rodriguez;7724600682
Smith PLC;459-301-8580
White and Sons;288-572-7043
Campos-Murillo;822-222-4939
Roman-Chambers;001-324-909-1637x2831
Mack, Wright and Mclaughlin;856-399-9995x715
Thornton, Jackson and Gray;001-575-242-3572x740
Rodriguez, Winters and Perez;6538306661
Rodriguez, Winters and Perez;6538306661
Thornton, Jackson and Gray;001-575-242-3572x740
Peck Group;+1-838-976-6137
Soto-Rivera;805-650-6257x5876
Gilbert, Miller and Lee;+1-619-677-8121x28226
Roman-Chambers;001-324-909-1637x2831
Peck Group;+1-838-976-6137
White and Sons;288-572-7043
Rodriguez, Winters and Perez;6538306661
Wagner, Jackson and Holt;+1-362-752-2777x1817
Wagner, Jackson and Holt;+1-362-752-2777x1817
Peck Group;+1-838-976-6137
Smith PLC;459-301-8580
Rodriguez, Winters and Perez;6538306661
Thornton, Jackson and Gray;001-575-242-3572x740
Soto-Rivera;805-650-6257x5876
Roman-Chambers;001-324-909-1637x2831
Ramirez, Hicks and Lara;853-738-3918
Brown-Miller;(502)758-2166
Lee-Miller;+1-588-750-7646
Lee-Miller;+1-588-750-7646
Randall-Ballard;933.564.7029x6917
Lawson-Wilkins;(277)930-2705x3206
Thornton, Jackson and Gray;001-575-242-3572x740
Colon, Palmer and Welch;230-757-6575x898
Ramirez, Hicks and Lara;853-738-3918
Roman-Chambers;001-324-909-1637x2831
Gilbert, Miller and Lee;+1-619-677-8121x28226
Randall-Ballard;933.564.7029x6917
Mathis, Olson and Ryan;(906)306-1777x264
Lawson-Wilkins;(277)930-2705x3206
Gilbert, Miller and Lee;+1-619-677-8121x28226
Wagner, Jackson and Holt;+1-362-752-2777x1817
Higgins and Sons;230-568-4141
Rodriguez, Winters and Perez;6538306661
Thornton, Jackson and Gray;001-575-242-3572x740
Ramirez, Hicks and Lara;853-738-3918
Smith PLC;459-301-8580
Soto-Rivera;805-650-6257x5876
Gilbert, Miller and Lee;+1-619-677-8121x28226
Lee-Miller;+1-588-750-7646
Higgins and Sons;230-568-4141
Campos-Murillo;822-222-4939
Colon, Palmer and Welch;230-757-6575x898
Soto-Rivera;805-650-6257x5876
Wagner, Jackson and Holt;+1-362-752-2777x1817
Campos-Murillo;822-222-4939
Thornton, Jackson and Gray;001-575-242-3572x740
Higgins and Sons;230-568-4141
Mack, Wright and Mclaughlin;856-399-9995x715
Randall-Ballard;933.564.7029x6917
Roman-Chambers;001-324-909-1637x2831
Mathis, Olson and Ryan;(906)306-1777x264
Thornton, Jackson and Gray;001-575-242-3572x740
Gilbert, Miller and Lee;+1-619-677-8121x28226
Gilbert, Miller and Lee;+1-619-677-8121x28226
Campos-Murillo;822-222-4939
Lee-Miller;+1-588-750-7646
Thornton, Jackson and Gray;001-575-242-3572x740
Thornton, Jackson and Gray;001-575-242-3572x740
Smith PLC;459-301-8580
Wagner, Jackson and Holt;+1-362-752-2777x1817
Rodriguez, Winters and Perez;6538306661
Colon, Palmer and Welch;230-757-6575x898
Higgins and Sons;230-568-4141
Gilbert, Miller and Lee;+1-619-677-8121x28226
Thornton, Jackson and Gray;001-575-242-3572x740
Mathis, Olson and Ryan;(906)306-1777x264
Brown-Miller;(502)758-2166
Brown-Miller;(502)758-2166
White and Sons;288-572-7043
Randall-Ballard;933.564.7029x6917
Gilbert, Miller and Lee;+1-619-677-8121x28226
Smith PLC;459-301-8580
Soto-Rivera;805-650-6257x5876
Lawson-Wilkins;(277)930-2705x3206
Colon, Palmer and Welch;230-757-6575x898
Soto-Rivera;805-650-6257x5876
Ramirez, Hicks and Lara;853-738-3918
Mathis, Olson and Ryan;(906)306-1777x264
Soto-Rivera;805-650-6257x5876
Roman-Chambers;001-324-909-1637x2831
Roman-Chambers;001-324-909-1637x2831
Lawson-Wilkins;(277)930-2705x3206
Peck Group;+1-838-976-6137
Mack, Wright and Mclaughlin;856-399-9995x715
Higgins and Sons;230-568-4141
Ramirez, Hicks and Lara;853-738-3918
Brown-Miller;(502)758-2166
Campos-Murillo;822-222-4939
Campos-Murillo;822-222-4939
Lee-Miller;+1-588-750-7646
Colon, Palmer and Welch;230-757-6575x898
Mathis, Olson and Ryan;(906)306-1777x264
Thornton, Jackson and Gray;001-575-242-3572x740
King-Rodriguez;7724600682
Gilbert, Miller and Lee;+1-619-677-8121x28226
Mack, Wright and Mclaughlin;856-399-9995x715
Lee-Miller;+1-588-750-7646
Lawson-Wilkins;(277)930-2705x3206
White and Sons;288-572-7043
Ramirez, Hicks and Lara;853-738-3918
White and Sons;288-572-7043
Thornton, Jackson and Gray;001-575-242-3572x740
Thornton, Jackson and Gray;001-575-242-3572x740
Mathis, Olson and Ryan;(906)306-1777x264
Lee-Miller;+1-588-750-7646
Rodriguez, Winters and Perez;6538306661
Randall-Ballard;933.564.7029x6917
Peck Group;+1-838-976-6137
White and Sons;288-572-7043
White and Sons;288-572-7043
Soto-Rivera;805-650-6257x5876
King-Rodriguez;7724600682
Ramirez, Hicks and Lara;853-738-3918
Lee-Miller;+1-588-750-7646
Smith PLC;459-301-8580
Campos-Murillo;822-222-4939
Lawson-Wilkins;(277)930-2705x3206
Peck Group;+1-838-976-6137
Colon, Palmer and Welch;230-757-6575x898
